nameWithOwner,createdAt,updatedAt,primaryLanguage,pullRequests,issues,closedIssues,releases
freeCodeCamp/freeCodeCamp,2014-12-24T17:49:19Z,2023-02-23T20:43:14Z,TypeScript,19240,16698,16539,0
EbookFoundation/free-programming-books,2013-10-11T06:50:37Z,2023-02-23T21:52:33Z,None,5588,909,884,0
996icu/996.ICU,2019-03-26T07:31:14Z,2023-02-23T19:36:54Z,None,1063,0,0,0
jwasham/coding-interview-university,2016-06-06T02:34:12Z,2023-02-23T21:58:57Z,None,358,383,339,0
sindresorhus/awesome,2014-07-11T13:42:37Z,2023-02-23T22:00:27Z,None,607,320,296,0
kamranahmedse/developer-roadmap,2017-03-15T13:45:52Z,2023-02-23T21:57:05Z,Astro,1443,894,750,1
public-apis/public-apis,2016-03-20T23:49:42Z,2023-02-23T21:58:08Z,Python,1871,444,416,0
donnemartin/system-design-primer,2017-02-26T16:15:28Z,2023-02-23T21:39:20Z,Python,195,244,71,0
facebook/react,2013-05-24T16:15:54Z,2023-02-23T21:57:25Z,JavaScript,8810,12055,11115,99
vuejs/vue,2013-07-29T03:24:51Z,2023-02-23T21:43:47Z,TypeScript,1118,9945,9584,245
codecrafters-io/build-your-own-x,2018-05-09T12:03:18Z,2023-02-23T21:28:46Z,None,111,539,378,0
tensorflow/tensorflow,2015-11-07T01:19:20Z,2023-02-23T21:32:26Z,C++,15724,36725,34686,185
getify/You-Dont-Know-JS,2013-11-16T02:37:24Z,2023-02-23T21:48:45Z,None,356,908,825,0
trekhleb/javascript-algorithms,2018-03-24T07:47:04Z,2023-02-23T21:24:52Z,JavaScript,280,311,204,0
twbs/bootstrap,2011-07-29T21:19:00Z,2023-02-23T21:38:47Z,JavaScript,8172,21787,21533,83
CyC2018/CS-Notes,2018-02-13T14:56:24Z,2023-02-23T20:11:53Z,None,375,557,439,0
vinta/awesome-python,2014-06-27T21:00:06Z,2023-02-23T21:59:54Z,Python,530,490,478,0
ohmyzsh/ohmyzsh,2009-08-28T18:15:37Z,2023-02-23T21:28:58Z,Shell,2834,4383,4152,0
TheAlgorithms/Python,2016-07-16T09:44:01Z,2023-02-23T21:50:49Z,Python,2151,1226,1207,0
flutter/flutter,2015-03-06T22:54:58Z,2023-02-23T21:09:33Z,Dart,29708,78965,67581,0
torvalds/linux,2011-09-04T22:48:12Z,2023-02-23T21:59:31Z,C,9,0,0,0
github/gitignore,2010-11-08T20:17:14Z,2023-02-23T22:00:14Z,None,1523,0,0,0
microsoft/vscode,2015-09-03T20:23:38Z,2023-02-23T21:57:11Z,TypeScript,15303,151112,145124,91
ossu/computer-science,2014-05-04T00:18:39Z,2023-02-23T21:43:35Z,None,236,600,585,0
airbnb/javascript,2012-11-01T23:13:50Z,2023-02-23T20:28:47Z,JavaScript,792,1232,1135,0
Snailclimb/JavaGuide,2018-05-07T13:27:00Z,2023-02-23T20:07:02Z,Java,768,856,790,0
jackfrued/Python-100-Days,2018-03-01T16:05:52Z,2023-02-23T17:01:25Z,Python,12,596,102,0
jlevy/the-art-of-command-line,2015-05-20T15:11:03Z,2023-02-23T21:40:57Z,None,312,231,130,0
awesome-selfhosted/awesome-selfhosted,2015-06-01T02:33:17Z,2023-02-23T22:02:06Z,Makefile,2088,762,706,0
ytdl-org/youtube-dl,2010-10-31T14:35:07Z,2023-02-23T21:51:35Z,Python,1600,25528,21692,341
labuladong/fucking-algorithm,2020-02-19T09:01:23Z,2023-02-23T21:07:55Z,Markdown,210,496,424,1
golang/go,2014-08-19T04:33:40Z,2023-02-23T21:29:58Z,Go,1,54565,46720,0
30-seconds/30-seconds-of-code,2017-11-29T17:35:03Z,2023-02-23T21:05:14Z,JavaScript,754,277,277,4
facebook/react-native,2015-01-09T18:10:16Z,2023-02-23T21:13:25Z,JavaScript,658,23955,21974,241
electron/electron,2013-04-12T01:47:36Z,2023-02-23T21:11:11Z,C++,16523,18011,17159,1000
d3/d3,2010-09-27T17:22:42Z,2023-02-23T22:02:15Z,JavaScript,439,2131,2127,190
vercel/next.js,2016-10-05T23:32:51Z,2023-02-23T21:39:03Z,JavaScript,11529,15185,13965,1000
justjavac/free-programming-books-zh_CN,2013-11-04T01:59:19Z,2023-02-23T21:58:10Z,None,280,0,0,3
facebook/create-react-app,2016-07-17T14:55:11Z,2023-02-23T20:21:20Z,JavaScript,1942,7989,6462,83
axios/axios,2014-08-18T22:30:27Z,2023-02-23T19:04:09Z,JavaScript,728,4110,3783,57
avelino/awesome-go,2014-07-06T13:42:15Z,2023-02-23T22:02:02Z,Go,2911,548,521,0
kubernetes/kubernetes,2014-06-06T22:56:04Z,2023-02-23T21:57:29Z,Go,54142,42510,40906,582
nodejs/node,2014-11-26T19:57:11Z,2023-02-23T21:29:02Z,JavaScript,5695,15593,14294,333
practical-tutorials/project-based-learning,2017-04-12T05:07:46Z,2023-02-23T22:02:25Z,None,179,68,44,0
trimstray/the-book-of-secret-knowledge,2018-06-23T10:43:14Z,2023-02-23T22:02:04Z,None,122,0,0,0
mrdoob/three.js,2010-03-23T18:58:01Z,2023-02-23T20:50:53Z,JavaScript,10509,11582,11217,142
microsoft/TypeScript,2014-06-17T15:28:39Z,2023-02-23T21:43:36Z,TypeScript,12650,36229,30419,168
denoland/deno,2018-05-15T01:34:26Z,2023-02-23T21:37:49Z,Rust,7772,7335,6240,213
microsoft/terminal,2017-08-11T18:38:22Z,2023-02-23T21:51:43Z,C++,3049,11016,9523,89
microsoft/PowerToys,2019-05-01T17:44:02Z,2023-02-23T20:50:26Z,C#,3800,19949,15580,75
yangshun/tech-interview-handbook,2016-07-05T05:00:48Z,2023-02-23T21:57:07Z,TypeScript,429,69,54,0
goldbergyoni/nodebestpractices,2017-09-15T08:33:19Z,2023-02-23T21:25:57Z,JavaScript,745,300,279,0
angular/angular,2014-09-18T16:12:01Z,2023-02-23T21:29:31Z,TypeScript,3317,24910,23712,247
mui/material-ui,2014-08-18T19:11:54Z,2023-02-23T21:08:39Z,JavaScript,15019,16984,15821,396
ant-design/ant-design,2015-04-24T15:37:24Z,2023-02-23T19:47:08Z,TypeScript,10539,25937,25032,562
huggingface/transformers,2018-10-29T13:56:00Z,2023-02-23T21:53:31Z,Python,8654,10929,10504,108
puppeteer/puppeteer,2017-05-09T22:16:13Z,2023-02-23T20:51:45Z,TypeScript,2986,5840,5598,166
PanJiaChen/vue-element-admin,2017-04-17T03:35:49Z,2023-02-23T17:19:50Z,Vue,313,3505,2332,49
iluwatar/java-design-patterns,2014-08-09T16:45:18Z,2023-02-23T20:48:49Z,Java,1064,842,656,0
ryanmcdermott/clean-code-javascript,2016-11-25T22:25:41Z,2023-02-23T21:30:56Z,JavaScript,149,134,81,0
rust-lang/rust,2010-06-16T20:39:03Z,2023-02-23T21:56:56Z,Rust,45932,47304,38472,108
animate-css/animate.css,2011-10-12T10:07:38Z,2023-02-23T18:34:21Z,CSS,313,839,816,22
Genymobile/scrcpy,2017-11-21T18:00:27Z,2023-02-23T21:53:34Z,C,64,3369,2151,29
storybookjs/storybook,2016-03-18T04:23:44Z,2023-02-23T22:01:53Z,TypeScript,7838,10123,8256,1000
nvbn/thefuck,2015-04-08T15:08:04Z,2023-02-23T19:05:48Z,Python,478,663,453,17
tensorflow/models,2016-02-05T01:15:20Z,2023-02-23T18:19:28Z,Jupyter Notebook,2292,7068,6017,29
gothinkster/realworld,2016-02-26T20:49:53Z,2023-02-23T19:53:20Z,TypeScript,310,509,459,0
laravel/laravel,2011-06-08T03:06:08Z,2023-02-23T21:24:33Z,PHP,1489,0,0,134
MisterBooo/LeetCodeAnimation,2018-12-06T08:01:22Z,2023-02-23T20:38:08Z,Java,63,58,42,0
FortAwesome/Font-Awesome,2012-02-17T14:19:43Z,2023-02-23T20:18:49Z,JavaScript,196,18735,13428,50
papers-we-love/papers-we-love,2013-12-15T14:31:41Z,2023-02-23T21:20:38Z,Shell,414,188,171,0
mtdvio/every-programmer-should-know,2017-08-24T13:18:26Z,2023-02-23T21:22:49Z,None,98,42,18,0
django/django,2012-04-28T02:47:18Z,2023-02-23T21:38:12Z,Python,7982,0,0,0
tonsky/FiraCode,2014-11-11T19:32:38Z,2023-02-23T18:53:58Z,Clojure,125,1256,904,29
doocs/advanced-java,2018-10-06T11:38:30Z,2023-02-23T15:22:37Z,Java,75,139,137,1
bitcoin/bitcoin,2010-12-19T15:16:43Z,2023-02-23T19:55:29Z,C++,12677,7317,6915,40
vuejs/awesome-vue,2015-10-20T00:16:14Z,2023-02-23T21:52:08Z,None,3383,208,180,0
ripienaar/free-for-dev,2015-03-18T21:06:26Z,2023-02-23T21:33:54Z,HTML,2111,0,0,0
microsoft/Web-Dev-For-Beginners,2020-11-10T02:44:00Z,2023-02-23T22:00:43Z,JavaScript,438,226,214,0
gin-gonic/gin,2014-06-16T23:57:25Z,2023-02-23T21:02:21Z,Go,918,1988,1496,24
opencv/opencv,2012-07-19T09:40:17Z,2023-02-23T20:50:16Z,C++,11026,9506,7169,59
sveltejs/svelte,2016-11-20T18:13:05Z,2023-02-23T21:19:36Z,TypeScript,2528,4867,4089,0
spring-projects/spring-boot,2012-10-19T15:02:57Z,2023-02-23T19:40:54Z,Java,41,28451,27886,161
typicode/json-server,2013-11-27T13:21:13Z,2023-02-23T21:45:42Z,JavaScript,108,1034,465,12
gohugoio/hugo,2013-07-04T15:26:26Z,2023-02-23T21:31:12Z,Go,1893,6357,5718,214
tailwindlabs/tailwindcss,2017-10-06T14:59:14Z,2023-02-23T21:19:55Z,HTML,1675,2741,2738,209
521xueweihan/HelloGitHub,2016-05-04T06:24:11Z,2023-02-23T20:56:51Z,Python,14,2422,2333,27
moby/moby,2013-01-18T18:10:57Z,2023-02-23T21:13:40Z,Go,18075,21772,17776,120
nvm-sh/nvm,2010-04-15T17:47:47Z,2023-02-23T21:08:47Z,Shell,674,1913,1599,62
fatedier/frp,2015-12-21T15:24:59Z,2023-02-23T20:31:38Z,Go,431,2669,2557,77
thedaviddias/Front-End-Checklist,2017-10-16T10:12:36Z,2023-02-23T18:44:27Z,None,172,143,137,1
macrozheng/mall,2018-04-04T01:11:44Z,2023-02-23T21:13:40Z,Java,0,452,426,2
hakimel/reveal.js,2011-06-07T18:54:22Z,2023-02-23T21:21:30Z,JavaScript,372,2207,1573,39
pytorch/pytorch,2016-08-13T05:26:41Z,2023-02-23T22:02:38Z,C++,5327,31628,21266,43
elastic/elasticsearch,2010-02-08T13:20:56Z,2023-02-23T18:56:27Z,Java,53721,31628,28073,108
neovim/neovim,2014-01-31T13:39:22Z,2023-02-23T21:39:30Z,Vim Script,9137,9340,7962,31
florinpop17/app-ideas,2019-02-25T18:36:56Z,2023-02-23T21:56:05Z,None,149,113,35,0
webpack/webpack,2012-03-10T10:08:14Z,2023-02-23T17:39:29Z,JavaScript,4198,9368,9173,382
netdata/netdata,2013-06-17T18:39:10Z,2023-02-23T21:38:35Z,C,6308,7222,6994,61
pallets/flask,2010-04-06T11:11:59Z,2023-02-23T21:14:35Z,Python,1443,2460,2459,24
apple/swift,2015-10-23T21:15:07Z,2023-02-23T20:38:25Z,C++,40991,13365,7628,46
Hack-with-Github/Awesome-Hacking,2016-03-30T15:47:10Z,2023-02-23T21:49:18Z,None,27,0,0,0
expressjs/express,2009-06-26T18:56:01Z,2023-02-23T18:20:22Z,JavaScript,267,3715,3610,147
chartjs/Chart.js,2013-03-17T23:56:36Z,2023-02-23T21:09:39Z,JavaScript,2856,6746,6545,101
GrowingGit/GitHub-Chinese-Top-Charts,2019-09-05T03:01:56Z,2023-02-23T21:46:29Z,Java,0,254,149,0
resume/resume.github.com,2011-02-06T13:39:55Z,2023-02-23T17:50:51Z,JavaScript,84,108,59,0
tauri-apps/tauri,2019-07-13T09:09:37Z,2023-02-23T21:57:30Z,Rust,2868,2301,1963,500
reduxjs/redux,2015-05-29T23:53:15Z,2023-02-23T21:55:44Z,TypeScript,1582,1981,1938,70
kdn251/interviews,2017-02-14T18:19:25Z,2023-02-23T15:08:27Z,Java,42,50,19,0
angular/angular.js,2010-01-06T00:34:37Z,2023-02-23T17:37:31Z,JavaScript,789,9040,8649,0
josephmisiti/awesome-machine-learning,2014-07-15T19:11:19Z,2023-02-23T17:19:28Z,Python,776,80,80,0
xingshaocheng/architect-awesome,2018-04-06T13:30:58Z,2023-02-23T12:26:45Z,None,49,66,20,0
keras-team/keras,2015-03-28T00:35:42Z,2023-02-23T21:20:17Z,Python,2756,11643,11366,46
jquery/jquery,2009-04-03T15:20:14Z,2023-02-23T14:32:12Z,JavaScript,595,2237,2163,5
h5bp/Front-end-Developer-Interview-Questions,2012-02-09T23:34:10Z,2023-02-23T20:09:30Z,Nunjucks,435,129,125,0
ansible/ansible,2012-03-06T14:58:02Z,2023-02-23T19:09:24Z,Python,36314,31177,30531,0
kelseyhightower/nocode,2018-02-06T23:54:00Z,2023-02-23T21:58:33Z,Dockerfile,1,4455,608,1
shadowsocks/shadowsocks-windows,2013-01-14T07:54:16Z,2023-02-23T18:23:33Z,C#,278,2837,2716,55
lodash/lodash,2012-04-07T04:11:46Z,2023-02-23T20:07:19Z,JavaScript,573,4096,3786,2
leonardomso/33-js-concepts,2018-09-04T13:27:04Z,2023-02-23T17:13:39Z,JavaScript,158,50,35,0
xingshaocheng/architect-awesome,2018-04-06T13:30:58Z,2023-02-23T12:26:45Z,None,49,66,20,0
keras-team/keras,2015-03-28T00:35:42Z,2023-02-23T21:20:17Z,Python,2756,11643,11366,46
jquery/jquery,2009-04-03T15:20:14Z,2023-02-23T14:32:12Z,JavaScript,595,2237,2163,5
h5bp/Front-end-Developer-Interview-Questions,2012-02-09T23:34:10Z,2023-02-23T20:09:30Z,Nunjucks,435,129,125,0
ansible/ansible,2012-03-06T14:58:02Z,2023-02-23T19:09:24Z,Python,36314,31177,30531,0
kelseyhightower/nocode,2018-02-06T23:54:00Z,2023-02-23T21:58:33Z,Dockerfile,1,4455,608,1
shadowsocks/shadowsocks-windows,2013-01-14T07:54:16Z,2023-02-23T18:23:33Z,C#,278,2837,2716,55
lodash/lodash,2012-04-07T04:11:46Z,2023-02-23T20:07:19Z,JavaScript,573,4096,3786,2
leonardomso/33-js-concepts,2018-09-04T13:27:04Z,2023-02-23T17:13:39Z,JavaScript,158,50,35,0
tiangolo/fastapi,2018-12-08T08:21:47Z,2023-02-23T22:00:09Z,Python,1134,3312,2403,144
nestjs/nest,2017-02-04T20:12:52Z,2023-02-23T21:43:05Z,TypeScript,4787,4631,4591,81
chrislgarry/Apollo-11,2014-04-03T15:45:02Z,2023-02-23T20:10:16Z,Assembly,320,377,316,0
mermaid-js/mermaid,2014-11-01T23:52:32Z,2023-02-23T21:41:29Z,JavaScript,1500,2257,1384,100
apache/echarts,2013-04-03T03:18:59Z,2023-02-23T20:38:21Z,TypeScript,1151,16628,14465,107
gatsbyjs/gatsby,2015-05-21T22:43:05Z,2023-02-23T21:55:44Z,JavaScript,17581,13812,13751,129
grafana/grafana,2013-12-11T15:59:56Z,2023-02-23T17:37:34Z,TypeScript,28468,28364,25521,337
h5bp/html5-boilerplate,2010-01-24T18:03:24Z,2023-02-23T20:09:24Z,JavaScript,662,1294,1285,32
enaqx/awesome-react,2014-08-06T05:31:44Z,2023-02-23T20:44:58Z,None,765,93,73,0
DopplerHQ/awesome-interview-questions,2015-11-28T09:48:17Z,2023-02-23T20:49:57Z,None,175,32,29,0
vitejs/vite,2020-04-21T05:03:57Z,2023-02-23T21:44:25Z,TypeScript,2997,5345,4860,263
ElemeFE/element,2016-09-03T06:19:26Z,2023-02-23T15:30:51Z,Vue,3221,17375,15181,144
scikit-learn/scikit-learn,2010-08-17T09:43:38Z,2023-02-23T21:36:10Z,Python,10246,9956,8408,32
awesomedata/awesome-public-datasets,2014-11-20T06:20:50Z,2023-02-23T20:56:34Z,None,188,109,47,0
lydiahallie/javascript-questions,2019-06-12T08:26:27Z,2023-02-23T19:11:35Z,None,304,212,210,0
rails/rails,2008-04-11T02:19:47Z,2023-02-23T19:43:56Z,Ruby,20914,16156,15804,91
Developer-Y/cs-video-courses,2016-10-21T17:02:11Z,2023-02-23T21:49:00Z,None,124,112,101,0
anuraghazra/github-readme-stats,2020-07-09T10:34:22Z,2023-02-23T21:52:08Z,JavaScript,470,937,838,0
strapi/strapi,2015-09-30T15:34:48Z,2023-02-23T21:23:23Z,JavaScript,5831,7421,7148,265
Anduin2017/HowToCook,2020-02-29T10:43:49Z,2023-02-23T17:02:42Z,HTML,458,576,247,1
spring-projects/spring-framework,2010-12-08T04:04:45Z,2023-02-23T21:22:02Z,Java,749,23104,21883,248
python/cpython,2017-02-10T19:23:51Z,2023-02-23T22:02:00Z,Python,31890,62370,55604,0
sdmg15/Best-websites-a-programmer-should-visit,2017-03-05T20:25:17Z,2023-02-23T20:49:50Z,None,372,107,70,0
apache/superset,2015-07-21T18:55:34Z,2023-02-23T20:40:20Z,TypeScript,10254,8893,7841,116
azl397985856/leetcode,2018-03-30T09:13:51Z,2023-02-23T17:04:46Z,JavaScript,252,246,241,40
Semantic-Org/Semantic-UI,2013-04-08T23:32:04Z,2023-02-23T01:50:06Z,JavaScript,356,6205,5251,154
TheAlgorithms/Java,2016-07-16T10:21:02Z,2023-02-23T21:00:46Z,Java,965,800,791,0
hoppscotch/hoppscotch,2019-08-21T13:15:24Z,2023-02-23T21:06:14Z,Vue,1027,948,852,16
junegunn/fzf,2013-10-23T16:04:23Z,2023-02-23T20:18:51Z,Go,364,2328,2079,25
scutan90/DeepLearning-500-questions,2018-06-27T06:36:45Z,2023-02-23T15:41:30Z,JavaScript,302,181,80,0
3b1b/manim,2015-03-22T18:50:58Z,2023-02-23T19:44:25Z,Python,562,1043,695,10
sindresorhus/awesome-nodejs,2014-07-11T13:35:34Z,2023-02-23T18:10:16Z,None,392,97,97,0
necolas/normalize.css,2011-05-04T10:20:25Z,2023-02-23T19:52:26Z,CSS,56,498,455,0
remix-run/react-router,2014-05-16T22:22:51Z,2023-02-23T16:31:25Z,TypeScript,1758,6889,6829,242
syncthing/syncthing,2013-11-26T09:48:21Z,2023-02-23T20:04:41Z,Go,2283,5075,4732,325
tesseract-ocr/tesseract,2014-08-12T18:04:59Z,2023-02-23T20:56:43Z,C++,1305,2466,2096,24
psf/requests,2011-02-13T18:38:17Z,2023-02-23T20:55:19Z,Python,1465,3719,3518,5
ionic-team/ionic-framework,2013-08-20T23:06:02Z,2023-02-23T20:50:00Z,TypeScript,4291,20610,20134,550
MunGell/awesome-for-beginners,2015-10-24T19:53:36Z,2023-02-23T21:44:40Z,None,334,120,109,0
bradtraversy/design-resources-for-developers,2020-05-06T14:40:35Z,2023-02-23T21:58:22Z,None,815,82,82,0
microsoft/playwright,2019-11-15T18:32:42Z,2023-02-23T22:02:05Z,TypeScript,9718,8868,8154,94
google/material-design-icons,2014-10-08T18:01:28Z,2023-02-23T20:27:48Z,None,40,1217,1019,16
ageitgey/face_recognition,2017-03-03T21:52:39Z,2023-02-23T18:04:29Z,Python,94,1252,571,2
moment/moment,2011-03-01T02:46:06Z,2023-02-23T13:04:43Z,JavaScript,712,4032,3830,0
fighting41love/funNLP,2018-08-21T11:20:39Z,2023-02-23T18:47:57Z,Python,11,54,43,0
prometheus/prometheus,2012-11-24T11:14:12Z,2023-02-23T19:50:02Z,Go,5099,4960,4356,248
ReactiveX/RxJava,2013-01-08T20:11:48Z,2023-02-23T16:08:32Z,Java,3121,3116,3103,231
google/guava,2014-05-29T16:23:17Z,2023-02-23T17:25:48Z,Java,368,3421,2765,35
jgthms/bulma,2016-01-23T23:48:34Z,2023-02-23T16:27:04Z,CSS,601,2453,2270,17
soimort/you-get,2012-08-20T15:53:36Z,2023-02-23T17:51:26Z,Python,570,0,0,118
scrapy/scrapy,2010-02-22T02:01:14Z,2023-02-23T21:37:51Z,Python,1925,2766,2279,31
jekyll/jekyll,2008-10-20T06:29:03Z,2023-02-23T15:29:54Z,Ruby,3073,4661,4575,107
supabase/supabase,2019-10-12T05:56:49Z,2023-02-23T21:39:02Z,TypeScript,4180,1926,1763,24
localstack/localstack,2016-10-25T23:48:03Z,2023-02-23T21:55:53Z,Python,3099,4233,3943,60
caddyserver/caddy,2015-01-13T19:45:03Z,2023-02-23T15:56:20Z,Go,1541,3325,3235,103
obsproject/obs-studio,2013-10-01T02:40:31Z,2023-02-23T21:18:17Z,C,3415,2883,2476,175
Fndroid/clash_for_windows_pkg,2018-10-18T22:59:10Z,2023-02-23T19:38:17Z,None,7,3756,3580,190
prakhar1989/awesome-courses,2014-11-15T18:36:49Z,2023-02-23T20:40:16Z,None,194,67,38,0
ventoy/Ventoy,2020-03-10T15:19:19Z,2023-02-23T22:02:36Z,C,230,1707,1326,86
ocornut/imgui,2014-07-21T14:29:47Z,2023-02-23T21:42:32Z,C++,298,4619,3919,83
wasabeef/awesome-android-ui,2014-12-24T01:45:03Z,2023-02-23T20:13:49Z,None,90,102,92,0
Solido/awesome-flutter,2017-05-07T11:45:27Z,2023-02-23T22:02:33Z,Dart,419,0,0,0
NARKOZ/hacker-scripts,2015-11-21T19:05:09Z,2023-02-23T19:09:13Z,JavaScript,63,75,39,0
swisskyrepo/PayloadsAllTheThings,2016-10-18T07:29:07Z,2023-02-23T21:52:55Z,Python,452,0,0,2
git/git,2008-07-23T14:21:26Z,2023-02-23T19:24:31Z,C,3,0,0,0
danielmiessler/SecLists,2012-02-19T01:30:18Z,2023-02-23T21:46:17Z,PHP,470,208,181,18
alacritty/alacritty,2016-02-18T05:02:30Z,2023-02-23T21:39:10Z,Rust,1527,4706,4406,76
prettier/prettier,2016-11-29T17:13:37Z,2023-02-23T20:57:07Z,JavaScript,6969,5896,4965,94
microsoft/ML-For-Beginners,2021-03-03T01:34:05Z,2023-02-23T22:00:45Z,Jupyter Notebook,338,0,0,0
minimaxir/big-list-of-naughty-strings,2015-08-08T20:57:20Z,2023-02-23T11:30:36Z,Python,90,90,30,0
juliangarnier/anime,2016-03-13T21:37:45Z,2023-02-23T19:51:39Z,JavaScript,72,669,491,14
serverless/serverless,2015-04-21T03:48:40Z,2023-02-23T20:16:32Z,JavaScript,4365,5888,4937,355
JetBrains/kotlin,2012-02-13T17:29:58Z,2023-02-23T19:28:53Z,Kotlin,2038,0,0,199
fffaraz/awesome-cpp,2014-07-17T08:51:11Z,2023-02-23T21:38:49Z,None,530,525,172,0
nuxt/nuxt,2016-10-26T11:18:47Z,2023-02-23T21:58:54Z,TypeScript,2569,11189,10399,172
binhnguyennus/awesome-scalability,2017-12-27T03:46:40Z,2023-02-23T21:12:05Z,None,29,0,0,0
deepfakes/faceswap,2017-12-19T09:44:13Z,2023-02-23T20:43:28Z,Python,345,796,783,3
ziishaned/learn-regex,2017-07-22T12:21:03Z,2023-02-23T16:51:37Z,None,124,84,35,0
square/okhttp,2012-07-23T13:42:55Z,2023-02-23T21:08:41Z,Kotlin,3075,3779,3627,0
Eugeny/tabby,2016-12-23T09:06:10Z,2023-02-23T21:44:46Z,TypeScript,1343,3957,2719,168
meteor/meteor,2012-01-19T01:58:17Z,2023-02-23T20:21:50Z,JavaScript,1809,8845,8660,0
tldr-pages/tldr,2013-12-08T07:34:43Z,2023-02-23T21:10:09Z,Markdown,7778,1061,906,2
DefinitelyTyped/DefinitelyTyped,2012-10-05T16:39:45Z,2023-02-23T21:40:58Z,TypeScript,45861,7851,7187,1
CompVis/stable-diffusion,2022-08-10T14:36:44Z,2023-02-23T22:02:49Z,Jupyter Notebook,5,510,105,0
etcd-io/etcd,2013-07-06T21:57:21Z,2023-02-23T14:10:46Z,Go,7398,6085,5938,220
cypress-io/cypress,2015-03-04T00:46:28Z,2023-02-23T19:27:17Z,JavaScript,5033,12415,9684,298
aymericdamien/TensorFlow-Examples,2015-11-11T14:21:19Z,2023-02-23T17:05:52Z,Jupyter Notebook,88,231,69,0
TryGhost/Ghost,2013-05-04T11:09:13Z,2023-02-23T20:05:47Z,JavaScript,7531,6525,6489,632
facebook/docusaurus,2017-06-20T16:13:53Z,2023-02-23T21:33:46Z,TypeScript,4589,2555,2327,125
algorithm-visualizer/algorithm-visualizer,2016-05-15T00:27:45Z,2023-02-23T20:37:20Z,JavaScript,182,100,73,0
iamkun/dayjs,2018-04-10T09:26:44Z,2023-02-23T20:00:29Z,JavaScript,640,1303,756,113
android/architecture-samples,2016-02-05T13:42:07Z,2023-02-23T20:52:33Z,Kotlin,200,441,290,0
Textualize/rich,2019-11-10T15:28:09Z,2023-02-23T21:41:16Z,Python,672,1033,949,147
ColorlibHQ/AdminLTE,2013-12-25T02:52:40Z,2023-02-23T13:55:42Z,JavaScript,1169,2741,2692,72
vsouza/awesome-ios,2014-07-10T16:03:45Z,2023-02-23T19:17:35Z,Swift,2190,461,461,0
parcel-bundler/parcel,2017-08-07T16:36:47Z,2023-02-23T20:35:55Z,JavaScript,2092,4993,4309,25
excalidraw/excalidraw,2020-01-02T01:04:43Z,2023-02-23T21:33:43Z,TypeScript,2862,2366,1542,8
babel/babel,2014-09-28T13:38:23Z,2023-02-23T18:00:34Z,TypeScript,5129,8450,7821,338
ryanoasis/nerd-fonts,2014-12-05T04:31:17Z,2023-02-23T21:23:56Z,CSS,280,715,646,29
traefik/traefik,2015-09-13T19:04:02Z,2023-02-23T20:00:34Z,Go,3714,5312,4717,387
JuliaLang/julia,2011-04-21T07:01:50Z,2023-02-23T22:00:40Z,Julia,20584,22639,19124,135
gogs/gogs,2014-02-12T01:57:08Z,2023-02-23T21:40:34Z,Go,1543,4962,4159,74
astaxie/build-web-application-with-golang,2012-08-02T11:49:35Z,2023-02-23T16:08:07Z,Go,758,293,181,0
v2ray/v2ray-core,2015-09-04T11:42:53Z,2023-02-23T20:31:26Z,Go,202,2501,2479,247
mozilla/pdf.js,2011-04-26T06:32:03Z,2023-02-23T18:32:57Z,JavaScript,6185,8796,8456,48
facebook/jest,2013-12-10T00:18:04Z,2023-02-23T19:19:40Z,TypeScript,5092,7252,6452,189
pi-hole/pi-hole,2014-06-08T15:02:55Z,2023-02-23T21:32:11Z,Shell,1598,2654,2628,95
karan/Projects,2013-07-04T13:37:27Z,2023-02-23T20:58:51Z,None,19,71,32,0
ethereum/go-ethereum,2013-12-26T13:05:46Z,2023-02-23T20:54:06Z,Go,6034,7072,6830,168
square/retrofit,2010-09-06T21:39:43Z,2023-02-23T17:27:01Z,Java,796,2626,2481,0
yarnpkg/yarn,2016-01-19T17:39:16Z,2023-02-23T19:59:46Z,JavaScript,1652,6455,4641,150
k88hudson/git-flight-rules,2014-07-22T20:35:09Z,2023-02-23T21:42:09Z,None,216,68,53,0
Alvin9999/new-pac,2016-03-23T08:43:36Z,2023-02-23T20:30:30Z,None,0,1322,998,0
yt-dlp/yt-dlp,2020-10-26T04:22:55Z,2023-02-23T22:01:17Z,Python,1287,4381,3529,67
mastodon/mastodon,2016-02-22T15:01:25Z,2023-02-23T21:45:19Z,Ruby,11141,9038,5435,186
vercel/hyper,2016-07-01T06:01:21Z,2023-02-23T16:55:04Z,TypeScript,2680,3632,2791,86
bregman-arie/devops-exercises,2019-10-03T17:31:21Z,2023-02-23T21:57:13Z,Python,216,60,49,0
justjavac/awesome-wechat-weapp,2016-09-22T20:04:48Z,2023-02-23T18:00:47Z,None,271,0,0,0
x64dbg/x64dbg,2015-04-11T20:48:23Z,2023-02-23T21:49:26Z,C++,594,2224,1708,3
tiimgreen/github-cheat-sheet,2014-04-12T16:38:42Z,2023-02-23T20:37:13Z,None,129,54,42,0
sharkdp/bat,2018-04-21T10:52:23Z,2023-02-23T21:25:47Z,Rust,1085,1175,1007,38
Avik-Jain/100-Days-Of-ML-Code,2018-07-05T09:11:43Z,2023-02-23T19:48:10Z,None,6,0,0,0
FiloSottile/mkcert,2018-06-25T05:33:03Z,2023-02-23T21:23:33Z,Go,52,309,225,14
bailicangdu/vue2-elm,2016-12-23T01:49:20Z,2023-02-23T15:10:52Z,Vue,20,614,506,0
typescript-cheatsheets/react,2018-06-02T04:08:16Z,2023-02-23T21:44:21Z,JavaScript,317,183,182,0
CorentinJ/Real-Time-Voice-Cloning,2019-05-26T08:56:15Z,2023-02-23T22:00:26Z,Python,48,962,876,0
nwjs/nw.js,2012-01-04T06:21:10Z,2023-02-23T18:27:29Z,JavaScript,570,7163,6285,0
sherlock-project/sherlock,2018-12-24T14:30:48Z,2023-02-23T21:45:29Z,Python,499,735,698,0
oven-sh/bun,2021-04-14T00:48:17Z,2023-02-23T20:58:56Z,Zig,564,1280,803,68
pixijs/pixijs,2013-01-21T22:40:50Z,2023-02-23T20:41:21Z,TypeScript,2662,5102,4979,188
Alamofire/Alamofire,2014-07-31T05:56:19Z,2023-02-23T16:58:47Z,Swift,572,2671,2638,93
d2l-ai/d2l-zh,2017-08-23T04:40:24Z,2023-02-23T19:26:44Z,Python,1016,0,0,16
chinese-poetry/chinese-poetry,2016-09-02T03:32:25Z,2023-02-23T18:10:06Z,JavaScript,125,169,81,1
commaai/openpilot,2016-11-24T01:33:30Z,2023-02-23T18:29:20Z,Python,6205,1989,1787,48
Dogfalo/materialize,2014-09-12T19:35:38Z,2023-02-23T14:03:16Z,JavaScript,449,5214,4591,41
AUTOMATIC1111/stable-diffusion-webui,2022-08-22T14:05:26Z,2023-02-23T22:02:05Z,Python,851,3976,2578,1
Unitech/pm2,2013-05-21T03:25:25Z,2023-02-23T16:03:47Z,JavaScript,537,4690,3990,119
rustdesk/rustdesk,2020-09-28T15:36:08Z,2023-02-23T20:19:15Z,Rust,970,1452,1135,8
marktext/marktext,2017-11-12T16:05:25Z,2023-02-23T21:40:18Z,JavaScript,930,2512,1560,36
apache/dubbo,2012-06-19T07:56:02Z,2023-02-23T16:07:43Z,Java,3894,5884,5264,74
styled-components/styled-components,2016-08-16T06:41:32Z,2023-02-23T17:37:13Z,TypeScript,872,2660,2514,131
ngosang/trackerslist,2016-04-24T11:57:57Z,2023-02-23T21:37:15Z,None,1,364,359,0
kamranahmedse/design-patterns-for-humans,2017-02-16T21:24:39Z,2023-02-23T21:56:39Z,None,48,52,45,0
golang-standards/project-layout,2017-09-09T16:33:26Z,2023-02-23T20:45:25Z,Makefile,57,97,28,0
jgraph/drawio-desktop,2017-05-25T20:58:42Z,2023-02-23T19:52:06Z,Shell,17,1052,876,104
2dust/v2rayN,2019-07-30T03:47:24Z,2023-02-23T19:26:16Z,C#,75,2893,2812,144
dcloudio/uni-app,2018-07-12T08:52:39Z,2023-02-23T14:50:55Z,JavaScript,207,3756,2766,0
minio/minio,2015-01-14T19:23:58Z,2023-02-23T21:29:13Z,Go,7944,6429,6409,387
huginn/huginn,2013-03-10T06:00:31Z,2023-02-23T18:42:36Z,Ruby,938,2018,1437,1
jakevdp/PythonDataScienceHandbook,2016-08-10T14:24:36Z,2023-02-23T21:33:07Z,Jupyter Notebook,28,174,75,0
iperov/DeepFaceLab,2018-06-04T13:10:00Z,2023-02-23T20:11:39Z,Python,32,1245,747,2
dypsilon/frontend-dev-bookmarks,2013-06-22T13:23:55Z,2023-02-23T21:54:59Z,None,129,98,80,1
NationalSecurityAgency/ghidra,2019-03-01T03:27:48Z,2023-02-23T21:43:47Z,Java,343,3641,2424,26
discourse/discourse,2013-01-12T00:25:55Z,2023-02-23T19:12:00Z,Ruby,17466,0,0,0
PowerShell/PowerShell,2016-01-13T23:41:35Z,2023-02-23T19:34:51Z,C#,6052,10909,7586,134
rclone/rclone,2014-03-16T16:19:57Z,2023-02-23T20:45:39Z,Go,1441,4761,3973,90
isocpp/CppCoreGuidelines,2015-08-19T20:22:52Z,2023-02-23T19:50:50Z,Python,758,1061,859,4
impress/impress.js,2011-12-28T22:23:19Z,2023-02-23T05:08:38Z,JavaScript,115,466,413,15
grpc/grpc,2014-12-08T18:58:53Z,2023-02-23T17:43:41Z,C++,17390,10625,10030,238
pandas-dev/pandas,2010-08-24T01:37:33Z,2023-02-23T18:54:36Z,Python,21445,23989,20427,93
Leaflet/Leaflet,2010-09-22T16:57:44Z,2023-02-23T21:08:41Z,JavaScript,2757,4995,4637,30
Dreamacro/clash,2018-06-10T14:28:14Z,2023-02-23T18:17:40Z,Go,254,1791,1719,49
yangshun/front-end-interview-handbook,2018-01-13T19:40:08Z,2023-02-23T22:01:24Z,JavaScript,220,87,74,0
GitSquared/edex-ui,2017-01-28T09:35:02Z,2023-02-23T20:16:38Z,JavaScript,399,559,553,29
faif/python-patterns,2012-06-06T21:02:35Z,2023-02-23T21:51:16Z,Python,262,82,73,0
vuetifyjs/vuetify,2016-09-12T00:39:35Z,2023-02-23T14:26:18Z,TypeScript,3257,11756,10555,461
FreeCodeCampChina/freecodecamp.cn,2016-09-30T03:13:43Z,2023-02-23T15:31:30Z,CSS,55,585,445,0
fastlane/fastlane,2014-12-02T17:00:38Z,2023-02-23T18:20:02Z,Ruby,5972,12453,12238,529
hashicorp/terraform,2014-03-13T22:25:48Z,2023-02-23T21:29:20Z,Go,10514,19524,17936,237
google/zx,2021-05-05T05:50:01Z,2023-02-23T18:45:02Z,JavaScript,102,311,284,54
hexojs/hexo,2012-09-23T15:17:08Z,2023-02-23T21:53:41Z,JavaScript,832,3833,3761,107
alex/what-happens-when,2013-11-07T04:30:06Z,2023-02-23T13:44:49Z,None,108,141,29,0
PhilJay/MPAndroidChart,2014-04-25T14:29:47Z,2023-02-23T16:43:08Z,Java,190,4864,2872,44
BurntSushi/ripgrep,2016-03-11T02:02:33Z,2023-02-23T21:57:03Z,Rust,451,1416,1279,66
agalwood/Motrix,2018-12-18T11:45:05Z,2023-02-23T21:49:11Z,JavaScript,144,1105,496,14
wagoodman/dive,2018-05-13T15:44:01Z,2023-02-23T18:03:31Z,Go,115,272,147,24
streamich/react-use,2018-10-27T10:16:05Z,2023-02-23T22:02:34Z,TypeScript,1494,535,225,249
youngyangyang04/leetcode-master,2019-12-14T12:05:42Z,2023-02-23T21:34:33Z,Shell,1596,146,48,0
ultralytics/yolov5,2020-05-18T03:45:11Z,2023-02-23T21:57:36Z,Python,1884,7619,7372,10
vuejs/core,2018-06-12T13:49:36Z,2023-02-23T15:44:12Z,TypeScript,1880,3792,3236,137
akullpp/awesome-java,2014-07-09T10:12:43Z,2023-02-23T16:51:35Z,None,645,118,118,0
nektos/act,2019-01-02T19:53:43Z,2023-02-23T21:38:48Z,Go,622,818,736,51
poteto/hiring-without-whiteboards,2017-03-15T05:09:01Z,2023-02-23T22:03:42Z,JavaScript,1158,0,0,0
Homebrew/brew,2016-03-06T05:08:38Z,2023-02-23T20:50:37Z,Ruby,8833,3885,3844,290
videojs/video.js,2010-05-14T18:45:10Z,2023-02-23T20:13:46Z,JavaScript,1578,4964,4567,278
apache/spark,2014-02-25T08:00:08Z,2023-02-23T19:13:06Z,Scala,5,0,0,0
php/php-src,2011-06-16T01:52:25Z,2023-02-23T21:57:20Z,C,1503,1262,915,0
slatedocs/slate,2013-09-13T22:15:24Z,2023-02-23T17:36:11Z,SCSS,291,599,552,28
RocketChat/Rocket.Chat,2015-05-19T07:36:09Z,2023-02-23T19:57:23Z,TypeScript,9690,14959,12045,736
go-gitea/gitea,2016-11-01T02:13:26Z,2023-02-23T21:22:34Z,Go,11046,10334,8337,161
floodsung/Deep-Learning-Papers-Reading-Roadmap,2016-10-14T11:49:48Z,2023-02-23T20:09:07Z,Python,28,52,4,0
rust-lang/rustlings,2015-09-15T02:25:18Z,2023-02-23T21:59:12Z,Rust,613,463,374,34
chubin/cheat.sh,2017-05-07T21:40:56Z,2023-02-23T18:52:04Z,Python,122,222,123,0
brillout/awesome-react-components,2016-06-24T15:19:33Z,2023-02-23T21:30:24Z,None,290,44,44,0
quilljs/quill,2012-07-30T23:23:18Z,2023-02-23T18:26:14Z,JavaScript,236,3161,1921,82
evanw/esbuild,2016-06-14T16:08:50Z,2023-02-23T20:33:07Z,Go,207,2575,2311,233
apachecn/ailearning,2017-02-25T08:53:02Z,2023-02-23T14:47:58Z,Python,475,106,103,2
laurent22/joplin,2017-01-16T21:49:41Z,2023-02-23T22:03:38Z,TypeScript,1914,5103,4837,273
nodejs/node-v0.x-archive,2009-05-27T16:29:46Z,2023-02-23T20:08:13Z,None,218,6380,5845,0
nocodb/nocodb,2017-10-29T18:51:48Z,2023-02-23T21:41:09Z,TypeScript,1656,2005,1651,90
gorhill/uBlock,2015-04-01T17:51:11Z,2023-02-23T21:26:11Z,JavaScript,210,3451,3438,267
romkatv/powerlevel10k,2019-02-24T19:09:45Z,2023-02-23T21:53:52Z,Shell,126,2005,1972,30
0voice/interview_internal_reference,2019-06-10T06:54:19Z,2023-02-23T19:35:56Z,Python,35,45,18,0
kelseyhightower/kubernetes-the-hard-way,2016-07-07T14:15:27Z,2023-02-23T20:53:27Z,None,69,370,290,0
alvarotrigo/fullPage.js,2013-09-20T11:58:29Z,2023-02-23T22:02:17Z,JavaScript,294,3976,3826,85
lerna/lerna,2015-12-04T09:36:55Z,2023-02-23T16:07:24Z,TypeScript,786,2374,2065,207
serhii-londar/open-source-mac-os-apps,2017-11-03T02:35:33Z,2023-02-23T21:50:15Z,None,514,178,138,0
FFmpeg/FFmpeg,2011-04-14T14:12:38Z,2023-02-23T21:12:24Z,C,16,0,0,0
nolimits4web/swiper,2012-03-14T19:11:45Z,2023-02-23T19:43:20Z,JavaScript,525,4759,4584,35
Kong/kong,2014-11-17T23:56:08Z,2023-02-23T18:59:29Z,Lua,3918,4049,3841,127
sahat/hackathon-starter,2013-11-13T17:24:12Z,2023-02-23T05:17:31Z,JavaScript,310,615,607,14
google/styleguide,2015-05-20T19:18:59Z,2023-02-23T16:47:59Z,HTML,148,310,117,0
preactjs/preact,2015-09-11T02:40:18Z,2023-02-23T16:49:42Z,JavaScript,1432,1624,1481,179
wg/wrk,2012-03-20T11:12:28Z,2023-02-23T21:14:51Z,C,0,380,257,0
meilisearch/meilisearch,2018-04-23T11:45:28Z,2023-02-23T21:27:52Z,Rust,1246,1400,1300,129
nlohmann/json,2013-07-04T08:47:49Z,2023-02-23T20:18:02Z,C++,660,2096,2047,43
iamadamdev/bypass-paywalls-chrome,2018-04-07T20:33:19Z,2023-02-23T21:50:10Z,JavaScript,131,998,998,33
ant-design/ant-design-pro,2017-08-25T10:40:44Z,2023-02-23T19:48:15Z,TypeScript,925,8975,8774,26
koajs/koa,2013-07-20T18:53:45Z,2023-02-23T21:32:31Z,JavaScript,466,884,848,0
dkhamsing/open-source-ios-apps,2015-01-26T23:32:34Z,2023-02-23T21:48:25Z,None,732,252,252,37
photonstorm/phaser,2013-04-12T12:27:51Z,2023-02-23T16:19:02Z,JavaScript,1562,4056,3977,134
Asabeneh/30-Days-Of-JavaScript,2019-12-23T14:07:40Z,2023-02-23T21:31:24Z,JavaScript,96,100,45,0
airbnb/lottie-android,2016-10-06T22:42:42Z,2023-02-23T14:51:03Z,Java,592,1534,1520,44
jeecgboot/jeecg-boot,2018-11-26T10:40:00Z,2023-02-23T19:44:14Z,Java,14,3872,3781,24
adobe/brackets,2011-12-07T21:14:40Z,2023-02-23T10:48:13Z,JavaScript,4333,9686,7067,69
pingcap/tidb,2015-09-06T04:01:52Z,2023-02-23T18:38:04Z,Go,22215,14135,11196,163
react-hook-form/react-hook-form,2019-03-05T23:47:10Z,2023-02-23T21:00:31Z,TypeScript,1767,3644,3637,506
skylot/jadx,2013-03-18T17:08:21Z,2023-02-23T20:27:49Z,Java,367,1344,1056,27
open-guides/og-aws,2016-07-13T17:30:16Z,2023-02-23T16:51:29Z,Shell,498,222,86,0
shadowsocks/shadowsocks-android,2012-12-16T13:40:29Z,2023-02-23T18:16:36Z,Kotlin,245,2449,2421,184
exacity/deeplearningbook-chinese,2016-12-07T11:46:51Z,2023-02-23T17:29:29Z,TeX,16,199,138,7
eugenp/tutorials,2013-04-29T18:26:36Z,2023-02-23T20:11:39Z,Java,9293,652,632,0
bumptech/glide,2013-07-08T22:52:33Z,2023-02-23T18:49:35Z,Java,436,4212,3827,42
AFNetworking/AFNetworking,2011-05-31T21:28:44Z,2023-02-23T15:54:32Z,Objective-C,710,0,0,40
getsentry/sentry,2010-08-30T22:06:41Z,2023-02-23T21:46:38Z,Python,34124,6373,5651,99
shadowsocks/shadowsocks,2012-04-20T13:10:49Z,2023-02-23T17:41:08Z,Python,70,0,0,2
jgraph/drawio,2016-09-06T12:59:15Z,2023-02-23T19:54:45Z,JavaScript,32,2830,2470,724
google-research/bert,2018-10-25T22:57:34Z,2023-02-23T16:11:15Z,Python,32,1120,349,0
TanStack/query,2019-09-10T19:23:58Z,2023-02-23T21:57:33Z,TypeScript,1245,1209,1176,481
BVLC/caffe,2013-09-12T18:39:48Z,2023-02-23T15:52:31Z,C++,1087,4787,3892,14
AobingJava/JavaFamily,2019-11-12T04:26:18Z,2023-02-23T13:59:13Z,None,2,59,58,0
tabler/tabler,2018-02-01T09:08:59Z,2023-02-23T16:30:07Z,HTML,365,703,635,39
dylanaraps/pure-bash-bible,2018-06-13T01:39:33Z,2023-02-23T21:41:01Z,Shell,28,69,32,0
microsoft/monaco-editor,2016-06-07T16:56:31Z,2023-02-23T19:10:58Z,JavaScript,280,3119,2443,0
zenorocha/clipboard.js,2015-09-18T23:04:55Z,2023-02-23T19:59:28Z,JavaScript,117,609,604,42
nativefier/nativefier,2015-07-05T05:56:42Z,2023-02-23T20:38:23Z,TypeScript,253,1184,965,94
jesseduffield/lazygit,2018-05-19T00:53:06Z,2023-02-23T21:31:57Z,Go,897,1253,847,138
topjohnwu/Magisk,2016-09-08T12:42:53Z,2023-02-23T21:28:33Z,C++,1146,4662,4635,126
gulpjs/gulp,2013-07-04T05:26:06Z,2023-02-23T17:18:34Z,JavaScript,396,1880,1856,22
starship/starship,2019-04-02T03:23:12Z,2023-02-23T21:25:42Z,Rust,2240,1748,1344,115
rust-unofficial/awesome-rust,2014-07-17T10:45:10Z,2023-02-23T21:42:22Z,Rust,1130,117,106,0
GokuMohandas/Made-With-ML,2018-11-05T03:44:27Z,2023-02-23T20:55:20Z,Jupyter Notebook,140,45,45,0
iina/iina,2016-12-19T07:18:45Z,2023-02-23T19:09:57Z,Swift,467,3315,1863,40
jondot/awesome-react-native,2015-03-26T19:58:06Z,2023-02-23T21:30:13Z,JavaScript,912,66,35,0
LeCoupa/awesome-cheatsheets,2017-11-09T02:47:15Z,2023-02-23T21:04:09Z,JavaScript,157,66,42,0
immutable-js/immutable-js,2014-07-02T06:02:29Z,2023-02-23T12:42:05Z,TypeScript,459,1219,1119,66
istio/istio,2016-11-18T23:57:21Z,2023-02-23T18:39:16Z,Go,20556,17203,16711,286
satwikkansal/wtfpython,2017-08-28T20:22:19Z,2023-02-23T18:21:31Z,Python,94,176,118,2
NervJS/taro,2018-04-08T09:32:26Z,2023-02-23T16:04:18Z,TypeScript,2498,9441,8526,141
SheetJS/sheetjs,2012-12-03T19:25:52Z,2023-02-23T21:41:56Z,JavaScript,106,2377,2265,0
unknwon/the-way-to-go_ZH_CN,2013-03-24T17:18:38Z,2023-02-23T19:23:07Z,Go,592,0,0,0
google/material-design-lite,2015-01-14T22:01:33Z,2023-02-23T17:03:30Z,HTML,655,2175,1810,14
formulahendry/955.WLB,2019-03-27T23:53:37Z,2023-02-23T12:17:12Z,None,18,243,72,0
geekxh/hello-algorithm,2020-05-29T05:47:09Z,2023-02-23T15:31:30Z,Java,25,39,32,0
carbon-app/carbon,2017-06-16T02:50:28Z,2023-02-23T19:06:11Z,JavaScript,643,628,596,215
jaredpalmer/formik,2017-06-14T19:50:59Z,2023-02-23T21:10:10Z,TypeScript,746,2140,1498,170
xitu/gold-miner,2015-11-04T03:29:13Z,2023-02-23T13:11:30Z,None,3525,5541,5540,0
AppFlowy-IO/AppFlowy,2021-06-16T12:56:48Z,2023-02-23T21:48:20Z,Dart,936,744,377,25
google/leveldb,2014-08-27T21:17:52Z,2023-02-23T18:28:54Z,C++,58,702,518,21
Blankj/AndroidUtilCode,2016-07-30T18:18:32Z,2023-02-23T09:38:39Z,Java,87,1507,1269,117
alibaba/arthas,2018-08-29T17:15:57Z,2023-02-23T17:17:29Z,Java,434,1677,1448,47
gto76/python-cheatsheet,2018-01-25T04:16:53Z,2023-02-23T15:07:24Z,Python,13,55,48,0
XX-net/XX-Net,2015-01-15T09:35:51Z,2023-02-23T17:21:00Z,Python,360,13150,5305,359
firstcontributions/first-contributions,2016-09-20T14:35:09Z,2023-02-23T20:24:26Z,None,53454,558,533,0
go-gorm/gorm,2013-10-25T08:31:38Z,2023-02-23T21:31:33Z,Go,599,4943,4746,2
metabase/metabase,2015-02-02T19:25:47Z,2023-02-23T20:32:21Z,Clojure,13783,12794,10321,326
koalaman/shellcheck,2012-11-17T03:15:11Z,2023-02-23T21:00:40Z,Haskell,257,2347,1509,28
psf/black,2018-03-14T19:54:45Z,2023-02-23T20:58:07Z,Python,1101,2205,1853,26
cli/cli,2019-10-03T15:24:53Z,2023-02-23T20:07:56Z,Go,1645,3296,2909,101
vlang/v,2019-02-08T02:57:06Z,2023-02-23T21:45:54Z,V,8216,6939,6121,140
chakra-ui/chakra-ui,2019-08-17T14:27:54Z,2023-02-23T20:01:18Z,TypeScript,2110,3110,2991,1000
QSCTech/zju-icicles,2016-06-28T16:17:32Z,2023-02-23T17:49:57Z,HTML,182,59,50,0
Trinea/android-open-project,2014-01-05T15:20:15Z,2023-02-23T13:26:17Z,None,202,82,71,0
bilibili/ijkplayer,2013-06-03T04:12:04Z,2023-02-23T12:08:51Z,C,35,5256,2517,0
shadowsocks/ShadowsocksX-NG,2016-06-10T11:49:00Z,2023-02-23T15:03:37Z,Swift,61,1310,1033,27
blueimp/jQuery-File-Upload,2010-12-01T15:35:32Z,2023-02-23T16:27:50Z,PHP,119,3308,3259,0
f/awesome-chatgpt-prompts,2022-12-05T13:54:13Z,2023-02-23T22:00:28Z,HTML,89,94,20,0
dotnet/aspnetcore,2014-03-11T06:09:42Z,2023-02-23T17:59:35Z,C#,12709,28354,25914,174
date-fns/date-fns,2014-10-06T10:24:22Z,2023-02-23T19:58:07Z,TypeScript,1023,1565,1169,105
testerSunshine/12306,2017-05-17T12:23:40Z,2023-02-23T09:24:09Z,Python,31,682,465,1
freeCodeCamp/devdocs,2013-10-24T18:16:07Z,2023-02-23T13:37:27Z,Ruby,528,1065,942,0
spf13/cobra,2013-09-03T20:40:26Z,2023-02-23T15:39:22Z,Go,520,999,883,19
netty/netty,2010-11-09T09:22:21Z,2023-02-23T14:07:01Z,Java,3041,6053,5542,0
pyenv/pyenv,2012-08-31T06:57:52Z,2023-02-23T20:08:51Z,Roff,753,1565,1540,69
zxing/zxing,2011-10-12T14:07:27Z,2023-02-23T10:53:54Z,Java,209,1189,1183,29
type-challenges/type-challenges,2020-07-23T14:33:11Z,2023-02-23T21:18:27Z,TypeScript,452,23500,2171,0
dbeaver/dbeaver,2015-10-21T08:26:28Z,2023-02-23T19:18:46Z,Java,3240,14089,12403,170
junegunn/vim-plug,2013-09-10T14:58:51Z,2023-02-23T21:47:30Z,Vim Script,165,965,859,5
typeorm/typeorm,2016-02-29T07:41:14Z,2023-02-23T21:44:37Z,TypeScript,1795,7283,5486,24
acmesh-official/acme.sh,2015-12-26T12:56:33Z,2023-02-23T18:11:03Z,Shell,1205,2620,1821,39
denysdovhan/wtfjs,2017-07-14T15:42:12Z,2023-02-23T21:07:43Z,JavaScript,124,105,96,25
mitmproxy/mitmproxy,2010-02-16T04:10:13Z,2023-02-23T19:58:30Z,Python,2017,2982,2737,48
sorrycc/awesome-javascript,2014-07-01T15:59:02Z,2023-02-23T16:52:15Z,None,362,82,80,0
openai/gym,2016-04-27T14:59:16Z,2023-02-23T20:49:45Z,Python,999,1740,1702,19
fxsjy/jieba,2012-09-29T07:52:01Z,2023-02-23T21:30:03Z,Python,96,818,215,9
louislam/uptime-kuma,2021-07-03T01:02:42Z,2023-02-23T21:49:32Z,JavaScript,667,1927,1174,76
bayandin/awesome-awesomeness,2014-07-08T05:44:19Z,2023-02-23T20:22:26Z,Ruby,197,62,51,0
ruanyf/weekly,2018-10-13T12:36:07Z,2023-02-23T19:00:31Z,None,60,2819,553,0
certbot/certbot,2014-11-12T02:52:20Z,2023-02-23T15:37:30Z,Python,3602,5118,4631,40
vim/vim,2015-08-18T21:03:56Z,2023-02-23T20:27:36Z,Vim Script,3,7040,5800,0
carbon-language/carbon-lang,2020-04-27T21:45:16Z,2023-02-23T21:07:21Z,C++,1571,484,344,0
vuejs/vue-cli,2015-12-26T23:11:20Z,2023-02-23T15:45:56Z,JavaScript,1258,5418,4530,177
joshbuchea/HEAD,2016-04-20T20:05:37Z,2023-02-23T21:34:56Z,None,86,91,73,0
rapid7/metasploit-framework,2011-08-30T06:13:20Z,2023-02-23T20:27:38Z,Ruby,9761,5425,4929,0
naptha/tesseract.js,2015-06-24T02:49:52Z,2023-02-23T18:24:14Z,JavaScript,111,545,524,38
appwrite/appwrite,2019-04-08T16:36:25Z,2023-02-23T21:44:47Z,TypeScript,1808,2260,1729,55
beego/beego,2012-02-29T02:32:08Z,2023-02-23T19:05:22Z,Go,1164,3243,3233,20
foundation/foundation-sites,2011-10-13T23:05:42Z,2023-02-21T19:32:29Z,HTML,2950,8167,8127,76
aria2/aria2,2010-11-27T09:41:48Z,2023-02-23T22:02:50Z,C++,206,1708,762,23
atlassian/react-beautiful-dnd,2017-08-09T03:37:15Z,2023-02-23T21:28:57Z,JavaScript,524,1520,1025,68
hasura/graphql-engine,2018-06-18T07:57:36Z,2023-02-23T21:10:12Z,TypeScript,2109,5424,3515,181
prisma/prisma,2019-06-20T13:33:47Z,2023-02-23T19:38:05Z,TypeScript,3709,7979,5392,151
CSSEGISandData/COVID-19,2020-02-04T22:03:53Z,2023-02-23T17:43:16Z,None,2123,3756,2078,0
apache/airflow,2015-04-13T18:04:58Z,2023-02-23T21:35:41Z,Python,14848,6901,6183,60
ariya/phantomjs,2010-12-27T08:18:58Z,2023-02-23T13:15:39Z,C++,562,4748,4734,0
halfrost/LeetCode-Go,2017-07-18T00:06:14Z,2023-02-23T19:06:49Z,Go,170,69,57,4
markedjs/marked,2011-07-24T13:15:51Z,2023-02-23T15:34:41Z,JavaScript,973,1305,1271,89
sickcodes/Docker-OSX,2020-06-04T11:01:37Z,2023-02-23T21:18:13Z,Shell,97,479,234,0
lukehoban/es6features,2014-03-03T18:29:30Z,2023-02-23T10:43:49Z,None,41,57,36,0
google/googletest,2015-07-28T15:07:53Z,2023-02-23T21:13:18Z,C++,747,2066,1830,6
mqyqingfeng/Blog,2017-03-13T10:04:33Z,2023-02-23T16:51:51Z,None,3,308,97,0
bannedbook/fanqiang,2015-01-14T00:34:25Z,2023-02-23T20:43:47Z,Kotlin,3,675,402,2
react-boilerplate/react-boilerplate,2015-02-18T14:36:32Z,2023-02-22T16:58:47Z,JavaScript,715,1891,1822,16
laravel/framework,2013-01-10T21:27:28Z,2023-02-23T21:49:17Z,PHP,13523,16854,16848,598
alibaba/p3c,2017-06-23T06:15:51Z,2023-02-23T14:37:08Z,Kotlin,62,823,692,0
Z4nzu/hackingtool,2020-04-11T09:21:31Z,2023-02-23T21:20:15Z,Python,30,256,172,0
typicode/husky,2014-06-23T12:14:21Z,2023-02-23T18:23:18Z,JavaScript,192,879,867,60
mathiasbynens/dotfiles,2011-09-05T18:07:54Z,2023-02-23T18:18:54Z,Shell,44,376,240,0
xkcoding/spring-boot-demo,2017-11-10T06:27:29Z,2023-02-23T15:08:36Z,Java,15,152,71,0
freefq/free,2020-06-07T02:48:33Z,2023-02-23T17:22:37Z,None,0,469,150,0
docker/compose,2013-12-09T11:40:58Z,2023-02-23T21:47:55Z,Go,2563,6679,6471,190
DovAmir/awesome-design-patterns,2018-06-04T17:47:48Z,2023-02-23T21:47:01Z,None,29,9,4,0
ityouknow/spring-boot-examples,2016-11-05T05:32:33Z,2023-02-23T12:27:23Z,Java,7,104,99,0
curl/curl,2010-03-18T22:32:22Z,2023-02-23T19:29:27Z,C,158,3758,3716,65
elsewhencode/project-guidelines,2017-06-30T10:17:55Z,2023-02-23T21:12:33Z,JavaScript,113,38,28,0
amix/vimrc,2012-05-29T16:19:29Z,2023-02-23T14:16:07Z,Vim Script,99,495,489,0
ReactiveX/rxjs,2015-03-15T06:17:10Z,2023-02-23T17:54:43Z,TypeScript,2492,3076,2871,0
lib-pku/libpku,2018-11-22T13:33:06Z,2023-02-23T17:48:49Z,TeX,22,40,31,0
n8n-io/n8n,2019-06-22T09:24:21Z,2023-02-23T21:11:24Z,TypeScript,3249,970,847,5
PaddlePaddle/PaddleOCR,2020-05-08T10:38:16Z,2023-02-23T21:33:32Z,Python,2074,6528,5273,6
square/leakcanary,2015-04-29T23:54:16Z,2023-02-23T16:29:36Z,Kotlin,842,1484,1409,31
odoo/odoo,2014-05-13T15:38:58Z,2023-02-23T21:33:10Z,JavaScript,6163,16000,13086,0
ziadoz/awesome-php,2013-11-26T03:14:19Z,2023-02-23T19:37:08Z,None,386,124,123,0
IanLunn/Hover,2014-01-02T14:27:35Z,2023-02-23T21:06:34Z,SCSS,23,104,83,10
shengxinjing/programmer-job-blacklist,2016-06-25T06:09:10Z,2023-02-23T15:53:01Z,Shell,16,331,181,0
hankcs/HanLP,2014-10-09T06:36:16Z,2023-02-23T16:00:02Z,Python,72,1359,1351,56
airbnb/lottie-web,2015-02-20T21:02:59Z,2023-02-23T16:57:00Z,JavaScript,119,2711,2090,0
tastejs/todomvc,2011-06-03T19:56:33Z,2023-02-23T01:24:39Z,JavaScript,719,765,629,5
aosabook/500lines,2013-11-04T02:02:53Z,2023-02-23T15:57:56Z,JavaScript,175,69,39,0
codepath/android_guides,2013-06-19T10:24:45Z,2023-02-22T14:32:39Z,None,10,377,219,0
symfony/symfony,2010-01-04T14:21:21Z,2023-02-23T21:15:58Z,PHP,19675,18259,17722,420
jgm/pandoc,2010-03-20T20:34:23Z,2023-02-23T21:27:35Z,Haskell,1414,6702,5853,115
jashkenas/backbone,2010-09-30T19:41:28Z,2023-02-23T07:56:23Z,JavaScript,859,2397,2352,0
vuejs/vuex,2015-07-16T04:21:26Z,2023-02-23T13:32:03Z,JavaScript,654,1248,1164,51
standard/standard,2015-01-27T01:23:31Z,2023-02-23T09:19:12Z,JavaScript,402,1196,1110,4
mingrammer/diagrams,2020-02-02T15:23:24Z,2023-02-23T22:04:18Z,Python,237,417,178,39
kenwheeler/slick,2014-03-24T02:10:05Z,2023-02-23T16:52:00Z,JavaScript,236,3547,2380,48
caolan/async,2010-06-01T21:01:30Z,2023-02-23T19:54:27Z,JavaScript,478,1112,1101,7
tmux/tmux,2015-06-03T23:32:55Z,2023-02-23T21:25:49Z,C,1,2955,2938,34
0xAX/linux-insides,2015-01-03T18:44:57Z,2023-02-23T18:45:24Z,Python,571,177,152,0
apolloconfig/apollo,2016-03-04T10:24:23Z,2023-02-23T15:31:29Z,Java,1283,2959,2834,38
niklasvh/html2canvas,2011-07-16T01:05:58Z,2023-02-23T15:31:28Z,TypeScript,186,2454,1636,45
goabstract/Awesome-Design-Tools,2019-02-12T13:55:30Z,2023-02-23T20:10:20Z,JavaScript,283,32,25,0
pmndrs/zustand,2019-04-09T09:10:06Z,2023-02-23T21:59:54Z,TypeScript,434,570,558,64
PKUanonym/REKCARC-TSC-UHT,2019-04-05T03:31:23Z,2023-02-23T14:49:35Z,HTML,116,27,26,0
sudheerj/reactjs-interview-questions,2018-05-31T17:17:01Z,2023-02-23T20:41:27Z,JavaScript,115,73,65,0
huihut/interview,2018-02-09T09:49:48Z,2023-02-23T21:44:31Z,C++,33,52,40,0
Light-City/CPlusPlusThings,2019-07-14T08:45:45Z,2023-02-23T20:44:27Z,C++,55,182,180,0
webtorrent/webtorrent,2013-10-15T08:16:40Z,2023-02-23T21:13:25Z,JavaScript,657,1554,1477,103
withastro/astro,2021-03-15T17:19:47Z,2023-02-23T21:16:30Z,TypeScript,3365,2352,2262,976
sequelize/sequelize,2010-07-22T07:11:11Z,2023-02-23T21:58:08Z,JavaScript,3798,10001,9236,439
kodecocodes/swift-algorithm-club,2016-01-26T17:56:12Z,2023-02-23T18:29:14Z,Swift,608,212,182,0
google-research/google-research,2018-10-04T18:42:48Z,2023-02-23T21:17:50Z,Jupyter Notebook,29,943,270,0
composer/composer,2011-06-08T08:53:00Z,2023-02-23T14:20:40Z,PHP,2614,7316,7184,177
ccxt/ccxt,2017-05-14T15:41:56Z,2023-02-23T20:16:23Z,JavaScript,7368,8240,7558,0
ClickHouse/ClickHouse,2016-06-02T08:28:18Z,2023-02-23T20:02:18Z,C++,26611,14718,12102,433
postcss/postcss,2013-09-24T23:06:48Z,2023-02-23T13:05:13Z,TypeScript,698,903,886,233
Homebrew/legacy-homebrew,2009-05-20T19:38:37Z,2023-02-23T20:08:16Z,None,222,17034,17034,0
geekcomputers/Python,2011-11-30T09:04:08Z,2023-02-23T21:27:45Z,Python,1191,310,109,0
herrbischoff/awesome-macos-command-line,2015-09-22T19:37:55Z,2023-02-23T13:08:39Z,None,104,0,0,0
Binaryify/NeteaseCloudMusicApi,2016-06-22T11:58:03Z,2023-02-23T16:41:18Z,JavaScript,260,1237,1143,170
hashicorp/vault,2015-02-25T00:15:59Z,2023-02-23T21:28:32Z,Go,11873,5353,4500,80
fengdu78/Coursera-ML-AndrewNg-Notes,2017-11-04T10:04:08Z,2023-02-23T15:32:57Z,HTML,13,63,15,0
crossoverJie/JCSprout,2017-12-17T09:06:50Z,2023-02-23T12:25:59Z,Java,69,89,59,0
donnemartin/interactive-coding-challenges,2015-04-28T21:36:39Z,2023-02-23T19:00:54Z,Python,176,64,31,0
trailofbits/algo,2016-05-15T03:42:48Z,2023-02-23T20:13:38Z,Jinja,503,1531,1402,2
jashkenas/underscore,2009-10-25T18:31:06Z,2023-02-23T17:12:55Z,JavaScript,741,1413,1383,0
VincentGarreau/particles.js,2014-09-06T14:29:47Z,2023-02-23T18:56:47Z,JavaScript,21,392,101,6
layui/layui,2015-09-22T08:12:03Z,2023-02-23T07:14:06Z,JavaScript,172,597,594,73
alibaba/easyexcel,2018-02-06T03:14:08Z,2023-02-23T16:54:52Z,Java,137,2639,2444,5
Kong/insomnia,2016-04-23T03:54:26Z,2023-02-23T21:08:00Z,JavaScript,1889,2887,2459,308
pcottle/learnGitBranching,2012-08-13T22:36:09Z,2023-02-23T21:39:53Z,JavaScript,518,439,422,0
TencentARC/GFPGAN,2021-03-19T06:18:20Z,2023-02-23T19:56:13Z,Python,14,286,101,8
microsoft/calculator,2019-01-28T17:55:49Z,2023-02-23T20:27:36Z,C++,786,922,643,0
fzaninotto/Faker,2011-10-14T22:49:02Z,2023-02-23T21:23:25Z,PHP,824,570,494,12
Tencent/weui,2014-12-18T04:09:54Z,2023-02-23T10:57:12Z,HTML,189,657,613,39
cockroachdb/cockroach,2014-02-06T00:18:47Z,2023-02-23T17:00:46Z,Go,42795,49318,43891,0
alebcay/awesome-shell,2014-07-07T01:57:42Z,2023-02-23T21:02:28Z,None,298,49,19,0
Advanced-Frontend/Daily-Interview-Question,2019-01-19T10:49:00Z,2023-02-23T12:00:09Z,JavaScript,15,553,297,0
babysor/MockingBird,2021-08-07T03:53:39Z,2023-02-23T17:08:23Z,Python,63,740,376,1
ZuzooVn/machine-learning-for-software-engineers,2016-10-09T21:20:25Z,2023-02-23T20:43:13Z,None,58,22,8,0
houshanren/hangzhou_house_knowledge,2018-02-24T01:54:18Z,2023-02-23T13:36:47Z,CSS,6,0,0,0
alibaba/druid,2011-11-03T05:12:51Z,2023-02-23T13:02:03Z,Java,994,3809,1392,48
httpie/httpie,2012-02-25T12:39:13Z,2023-02-23T21:20:01Z,Python,381,807,676,44
transloadit/uppy,2015-11-16T12:32:33Z,2023-02-23T18:32:43Z,JavaScript,2137,1972,1871,50
harness/drone,2014-02-07T07:54:44Z,2023-02-23T20:03:54Z,Go,975,1785,1732,25
danielgindi/Charts,2015-03-20T10:49:12Z,2023-02-23T16:54:52Z,Swift,402,4127,3313,36
ianstormtaylor/slate,2016-06-18T01:52:42Z,2023-02-23T20:44:46Z,TypeScript,1681,2963,2415,121
fastify/fastify,2016-09-28T19:10:14Z,2023-02-23T17:05:07Z,JavaScript,2249,1649,1594,249
yewstack/yew,2017-12-16T14:19:02Z,2023-02-23T21:02:03Z,Rust,1482,1117,1028,33
sharkdp/fd,2017-05-09T21:27:10Z,2023-02-23T22:00:25Z,Rust,422,719,653,34
SortableJS/Sortable,2013-12-19T10:10:13Z,2023-02-23T20:54:06Z,JavaScript,242,1678,1278,24
files-community/Files,2019-01-04T18:19:14Z,2023-02-23T21:49:03Z,C#,3418,7371,7008,83
PKUFlyingPig/cs-self-learning,2021-10-20T13:43:42Z,2023-02-23T20:58:03Z,HTML,166,109,60,2
bradtraversy/50projects50days,2020-11-16T14:39:01Z,2023-02-23T21:49:36Z,CSS,39,0,0,0
mobxjs/mobx,2015-03-14T14:31:38Z,2023-02-23T17:37:53Z,TypeScript,1031,1856,1838,82
sqlmapproject/sqlmap,2012-06-26T09:52:15Z,2023-02-23T17:34:44Z,Python,147,4880,4824,8
swc-project/swc,2017-12-22T11:40:14Z,2023-02-23T20:52:34Z,Rust,3653,2491,2182,235
coreybutler/nvm-windows,2014-09-20T16:37:28Z,2023-02-23T21:04:49Z,Go,73,718,645,18
nvie/gitflow,2010-01-20T23:14:12Z,2023-02-23T15:39:55Z,Shell,36,357,125,0
hashicorp/consul,2013-11-04T22:15:27Z,2023-02-23T10:48:19Z,Go,9454,5043,4022,129
GoogleChrome/lighthouse,2016-03-08T01:03:11Z,2023-02-23T15:33:57Z,JavaScript,4672,8551,8009,95
massgravel/Microsoft-Activation-Scripts,2020-01-12T23:03:34Z,2023-02-23T21:22:54Z,Batchfile,0,137,136,6
halo-dev/halo,2018-03-21T12:56:52Z,2023-02-23T15:14:41Z,Java,954,2111,1834,107
CMU-Perceptual-Computing-Lab/openpose,2017-04-24T14:06:31Z,2023-02-23T18:09:35Z,C++,164,1841,1638,15
parallax/jsPDF,2009-12-06T14:56:32Z,2023-02-23T14:43:59Z,JavaScript,699,2326,2189,32
WerWolv/ImHex,2020-11-10T14:27:00Z,2023-02-23T18:53:55Z,C++,249,618,525,54
cheeriojs/cheerio,2011-10-09T04:23:20Z,2023-02-23T21:24:35Z,TypeScript,1486,1114,1104,57
angular/angular-cli,2015-06-04T19:49:37Z,2023-02-23T17:33:54Z,TypeScript,8221,14123,13918,574
kubernetes/minikube,2016-04-15T22:38:35Z,2023-02-23T18:02:19Z,Go,6263,8328,7552,138
realpython/python-guide,2011-03-15T03:24:20Z,2023-02-23T15:29:34Z,Batchfile,680,268,173,0
byoungd/English-level-up-tips,2017-05-30T07:18:52Z,2023-02-23T15:31:49Z,None,23,73,56,0
rethinkdb/rethinkdb,2012-10-30T05:37:47Z,2023-02-22T22:42:15Z,C++,446,6360,5024,71
solidjs/solid,2018-04-24T16:36:27Z,2023-02-23T21:21:11Z,TypeScript,287,676,651,32
OAI/OpenAPI-Specification,2014-03-03T16:53:36Z,2023-02-23T21:12:11Z,JavaScript,737,1955,1437,10
SeleniumHQ/selenium,2013-01-14T21:40:56Z,2023-02-23T20:46:27Z,Java,1237,8777,8624,80
ibraheemdev/modern-unix,2021-01-12T00:50:14Z,2023-02-23T21:09:56Z,None,10,65,11,0
jobbole/awesome-python-cn,2015-11-03T09:50:50Z,2023-02-23T16:32:21Z,Makefile,51,27,17,0
geekcompany/ResumeSample,2014-09-08T08:08:13Z,2023-02-23T13:35:02Z,None,2,0,0,0
JedWatson/react-select,2014-08-26T04:27:45Z,2023-02-23T21:28:50Z,TypeScript,1022,3410,3194,46
vercel/swr,2019-10-28T18:16:01Z,2023-02-23T21:57:08Z,TypeScript,642,717,641,91
qiurunze123/miaosha,2018-09-14T04:36:24Z,2023-02-23T12:26:47Z,Java,20,77,76,0
jesseduffield/lazydocker,2019-05-18T08:53:50Z,2023-02-23T19:59:36Z,Go,145,245,162,35
yunjey/pytorch-tutorial,2017-03-10T07:41:47Z,2023-02-23T17:46:54Z,Python,28,176,112,0
YMFE/yapi,2016-05-30T09:09:09Z,2023-02-23T19:59:36Z,JavaScript,141,2364,902,1
codemirror/codemirror5,2011-01-14T13:44:03Z,2023-02-23T20:40:52Z,JavaScript,582,4131,3744,167
nagadomi/waifu2x,2015-05-17T07:29:15Z,2023-02-23T18:05:22Z,Lua,68,348,204,3
JakeWharton/butterknife,2013-03-05T08:18:59Z,2023-02-23T12:38:17Z,Java,346,1177,1080,0
zhongyang219/TrafficMonitor,2017-07-30T02:51:17Z,2023-02-23T19:03:08Z,C++,36,1391,594,24
github/fetch,2014-10-13T00:26:19Z,2023-02-23T10:54:32Z,JavaScript,146,623,579,38
request/request,2011-01-23T01:25:14Z,2023-02-23T10:47:14Z,JavaScript,650,2239,2168,0
lenve/vhr,2018-01-04T08:57:51Z,2023-02-23T16:37:39Z,Java,1,247,94,0
facebookresearch/Detectron,2017-10-05T17:32:00Z,2023-02-23T14:09:38Z,Python,0,922,617,0
select2/select2,2012-03-04T18:43:12Z,2023-02-23T15:07:03Z,JavaScript,704,4740,4669,29
alibaba/nacos,2018-06-15T06:49:27Z,2023-02-23T17:20:02Z,Java,2257,6703,6494,51
slidevjs/slidev,2021-04-24T01:25:23Z,2023-02-23T19:48:31Z,TypeScript,212,549,508,221
dromara/hutool,2014-04-13T07:23:51Z,2023-02-23T15:37:40Z,Java,342,2180,2175,126
Modernizr/Modernizr,2009-09-25T20:13:23Z,2023-02-23T20:07:22Z,JavaScript,798,1482,1316,25
ajaxorg/ace,2010-10-27T10:43:36Z,2023-02-23T12:11:20Z,JavaScript,1544,2889,2769,33
Automattic/mongoose,2010-04-06T21:39:05Z,2023-02-23T16:20:43Z,JavaScript,2257,9981,9700,76
GitbookIO/gitbook,2014-03-31T03:01:56Z,2023-02-23T16:40:34Z,JavaScript,214,0,0,0
CamDavidsonPilon/Probabilistic-Programming-and-Bayesian-Methods-for-Hackers,2013-01-14T15:46:28Z,2023-02-23T18:49:00Z,Jupyter Notebook,243,240,88,0
explosion/spaCy,2014-07-03T15:15:40Z,2023-02-23T21:20:15Z,Python,3219,5352,5283,110
TheAlgorithms/JavaScript,2017-07-13T06:12:33Z,2023-02-23T21:56:34Z,JavaScript,678,172,167,0
The-Run-Philosophy-Organization/run,2022-04-10T05:42:40Z,2023-02-23T16:12:06Z,None,167,219,202,0
zsh-users/zsh-autosuggestions,2013-10-26T16:09:37Z,2023-02-23T20:27:01Z,Shell,104,530,425,0
digitalocean/nginxconfig.io,2018-01-05T14:21:14Z,2023-02-23T19:16:47Z,JavaScript,161,209,170,0
alibaba/fastjson,2011-11-03T06:58:52Z,2023-02-23T10:57:12Z,Java,418,3472,1658,84
proxyee-down-org/proxyee-down,2017-10-25T10:07:27Z,2023-02-23T06:59:37Z,Java,16,0,0,49
appsmithorg/appsmith,2020-06-30T04:07:36Z,2023-02-23T19:32:39Z,TypeScript,6935,12244,9128,151
rstacruz/nprogress,2013-08-20T13:58:02Z,2023-02-23T10:46:37Z,JavaScript,34,149,50,7
wuyouzhuguli/SpringAll,2018-05-02T02:48:44Z,2023-02-23T17:32:16Z,Java,1,42,27,0
pmndrs/react-spring,2018-03-07T15:39:32Z,2023-02-23T19:48:21Z,TypeScript,357,1134,1059,45
alibaba/canal,2013-01-13T10:59:52Z,2023-02-23T12:27:57Z,Java,411,3970,3113,26
encode/django-rest-framework,2011-03-02T17:13:56Z,2023-02-23T22:04:49Z,Python,2814,3804,3734,17
labstack/echo,2015-03-01T17:43:01Z,2023-02-23T21:36:36Z,Go,506,1323,1275,98
coolsnowwolf/lede,2017-09-06T07:39:03Z,2023-02-23T21:10:17Z,C,1722,7523,7013,4
remy/nodemon,2010-10-03T12:50:52Z,2023-02-23T10:52:23Z,JavaScript,294,1584,1576,86
ageron/handson-ml,2016-02-16T19:48:39Z,2023-02-23T18:32:37Z,Jupyter Notebook,56,551,433,0
influxdata/influxdb,2013-09-26T14:31:10Z,2023-02-23T21:17:25Z,Go,9487,12790,11137,76
hashicorp/vagrant,2010-01-21T08:34:27Z,2023-02-23T21:00:01Z,Ruby,2603,9305,8648,5
balena-io/etcher,2015-10-27T16:53:23Z,2023-02-23T18:27:00Z,TypeScript,1688,2011,1605,251
viraptor/reverse-interview,2019-09-08T13:38:40Z,2023-02-23T13:17:46Z,None,67,24,17,0
mattermost/mattermost-server,2015-06-15T06:50:02Z,2023-02-23T21:40:12Z,Go,12940,7182,6603,336
gofiber/fiber,2020-01-16T03:59:20Z,2023-02-23T20:48:57Z,Go,1121,1054,1028,103
alibaba/spring-cloud-alibaba,2017-12-01T20:49:15Z,2023-02-23T13:38:35Z,Java,811,2010,1614,32
photoprism/photoprism,2018-01-27T12:00:15Z,2023-02-23T21:14:52Z,Go,439,1715,1363,52
facebook/folly,2012-06-01T20:49:04Z,2023-02-23T16:22:58Z,C++,4,1003,692,126
ehang-io/nps,2018-11-04T13:22:51Z,2023-02-23T14:05:40Z,Go,74,1062,671,59
nylas/nylas-mail,2014-10-16T18:29:12Z,2023-02-23T21:51:02Z,JavaScript,139,3420,2440,53
bvaughn/react-virtualized,2015-11-03T00:48:07Z,2023-02-23T13:26:36Z,JavaScript,453,1165,720,4
donnemartin/data-science-ipython-notebooks,2015-01-23T19:38:29Z,2023-02-23T21:57:23Z,Python,31,34,22,0
openai/whisper,2022-09-16T20:02:54Z,2023-02-23T21:49:43Z,Jupyter Notebook,50,0,0,2
jamiebuilds/the-super-tiny-compiler,2016-03-11T04:19:18Z,2023-02-23T19:45:43Z,JavaScript,20,0,0,0
portainer/portainer,2016-05-19T20:15:28Z,2023-02-23T21:13:38Z,Go,3129,4772,3861,102
immerjs/immer,2017-12-29T12:25:47Z,2023-02-23T20:57:59Z,JavaScript,335,593,565,100
ggreer/the_silver_searcher,2011-11-19T19:50:47Z,2023-02-23T21:40:14Z,C,399,817,407,0
go-kit/kit,2015-02-03T00:01:19Z,2023-02-23T18:04:19Z,Go,475,554,519,12
ycm-core/YouCompleteMe,2012-04-16T03:12:14Z,2023-02-23T13:54:20Z,Python,737,3172,3160,0
facebook/rocksdb,2012-11-30T06:16:18Z,2023-02-23T12:11:18Z,C++,591,2782,2263,169
dwmkerr/hacker-laws,2018-01-25T03:46:34Z,2023-02-23T20:45:19Z,Shell,168,200,69,1
lovell/sharp,2013-08-19T20:24:24Z,2023-02-23T14:41:02Z,JavaScript,249,3195,3077,55
cfenollosa/os-tutorial,2014-09-29T08:39:34Z,2023-02-23T20:50:04Z,C,11,162,98,0
AllThingsSmitty/css-protips,2015-08-29T12:29:03Z,2023-02-23T20:56:35Z,None,54,53,49,0
floating-ui/floating-ui,2016-03-29T17:00:47Z,2023-02-23T16:59:25Z,TypeScript,745,1056,1043,292
lyswhut/lx-music-desktop,2019-08-14T14:31:08Z,2023-02-23T17:00:42Z,TypeScript,5,1106,926,97
cmderdev/cmder,2013-07-09T07:44:22Z,2023-02-23T21:51:06Z,C++,392,2201,2171,32
SDWebImage/SDWebImage,2009-09-21T17:39:19Z,2023-02-23T17:05:20Z,Objective-C,862,2184,2139,123
veggiemonk/awesome-docker,2014-09-21T17:01:48Z,2023-02-23T19:54:52Z,None,846,115,115,1
qishibo/AnotherRedisDesktopManager,2019-01-08T06:01:56Z,2023-02-23T22:04:32Z,JavaScript,126,809,656,43
hollischuang/toBeTopJavaer,2018-10-25T09:54:54Z,2023-02-23T13:54:34Z,Java,52,121,70,0
powerline/fonts,2012-12-19T13:31:50Z,2023-02-23T19:01:02Z,Shell,72,244,94,1
stedolan/jq,2012-07-18T19:57:25Z,2023-02-23T16:08:06Z,C,225,1971,1302,9
mbeaudru/modern-js-cheatsheet,2017-09-18T14:56:00Z,2023-02-23T22:02:31Z,None,82,48,40,0
greenrobot/EventBus,2012-07-16T16:55:40Z,2023-02-23T19:31:42Z,Java,31,572,466,7
terryum/awesome-deep-learning-papers,2016-06-03T06:48:30Z,2023-02-23T10:51:42Z,TeX,39,26,11,0
akveo/ngx-admin,2016-05-25T10:09:03Z,2023-02-23T15:48:45Z,TypeScript,337,1713,1316,18
ray-project/ray,2016-10-25T19:38:30Z,2023-02-23T21:23:48Z,Python,15912,12920,10366,62
tj/commander.js,2011-08-14T21:33:58Z,2023-02-23T21:32:52Z,JavaScript,606,953,949,72
dokku/dokku,2013-06-08T10:26:57Z,2023-02-23T16:02:05Z,Shell,2639,2508,2473,237
apache/kafka,2011-08-15T18:06:16Z,2023-02-23T14:50:09Z,Java,6261,0,0,0
facebookresearch/fastText,2016-07-16T13:38:42Z,2023-02-23T21:35:07Z,HTML,12,1054,608,4
ryanhanwu/How-To-Ask-Questions-The-Smart-Way,2015-03-28T16:52:40Z,2023-02-23T18:16:07Z,JavaScript,93,29,21,0
lukasz-madon/awesome-remote-job,2015-01-02T00:31:34Z,2023-02-23T20:35:58Z,None,531,44,39,0
ageron/handson-ml2,2019-01-08T03:49:07Z,2023-02-23T19:07:50Z,Jupyter Notebook,64,482,295,0
scwang90/SmartRefreshLayout,2017-06-02T09:52:50Z,2023-02-23T07:39:23Z,Java,6,1470,1199,10
tqdm/tqdm,2015-06-03T13:13:14Z,2023-02-23T13:54:42Z,Python,270,885,560,119
johnpapa/angular-styleguide,2014-07-29T00:07:51Z,2023-02-23T02:53:59Z,None,331,424,361,0
iview/iview,2016-07-28T01:52:59Z,2023-02-23T19:09:47Z,Vue,526,5581,4468,85
remoteintech/remote-jobs,2015-10-13T03:49:25Z,2023-02-23T20:43:46Z,JavaScript,1096,143,132,0
fabricjs/fabric.js,2010-06-09T22:24:38Z,2023-02-23T14:09:46Z,JavaScript,1840,5622,5374,120
sindresorhus/awesome-electron,2015-04-23T11:48:53Z,2023-02-23T16:57:26Z,None,260,41,41,0
google/python-fire,2017-02-21T21:35:07Z,2023-02-23T18:40:01Z,Python,70,274,169,9
AMAI-GmbH/AI-Expert-Roadmap,2020-10-24T21:49:40Z,2023-02-23T20:09:44Z,JavaScript,13,55,44,0
yuzu-emu/yuzu,2018-01-03T18:13:57Z,2023-02-23T18:52:48Z,C++,5345,3429,2424,0
SerenityOS/serenity,2018-12-02T19:28:41Z,2023-02-23T21:49:31Z,C++,12624,3262,2718,0
pjreddie/darknet,2014-04-11T07:59:16Z,2023-02-23T18:20:28Z,C,10,2327,543,0
helm/helm,2015-10-06T01:07:32Z,2023-02-23T21:37:28Z,Go,3367,6953,6688,170
dmlc/xgboost,2014-02-06T17:28:03Z,2023-02-23T15:21:01Z,C++,3428,4716,4406,49
python-poetry/poetry,2018-02-28T15:23:47Z,2023-02-23T18:47:36Z,Python,1526,4749,4190,120
airbnb/lottie-ios,2016-10-06T22:38:38Z,2023-02-23T10:56:39Z,Swift,569,1183,1154,57
lapce/lapce,2018-02-06T08:41:06Z,2023-02-23T22:05:00Z,Rust,720,1221,703,23
huggingface/pytorch-image-models,2019-02-02T05:51:12Z,2023-02-23T20:02:45Z,Python,216,662,597,41
facebookresearch/detectron2,2019-09-05T21:30:20Z,2023-02-23T17:37:48Z,Python,0,3220,2950,10
pypa/pipenv,2017-01-20T00:44:02Z,2023-02-23T13:31:39Z,Python,1313,3901,3680,65
xuxueli/xxl-job,2015-11-28T12:59:34Z,2023-02-23T17:21:27Z,Java,98,2676,1715,31
GorvGoyl/Clone-Wars,2020-12-02T11:10:16Z,2023-02-23T19:04:54Z,None,94,72,62,0
kataras/iris,2016-01-30T04:36:48Z,2023-02-23T11:49:57Z,Go,291,904,827,27
swagger-api/swagger-ui,2011-07-15T22:56:39Z,2023-02-23T12:58:40Z,JavaScript,2290,5017,4143,251
fastai/fastai,2017-09-09T17:43:36Z,2023-02-23T17:15:24Z,Jupyter Notebook,1637,1697,1568,48
hammerjs/hammer.js,2012-03-02T12:58:28Z,2023-02-23T07:57:45Z,JavaScript,114,1034,762,0
CymChad/BaseRecyclerViewAdapterHelper,2016-04-10T07:40:11Z,2023-02-23T09:51:37Z,Java,191,3442,2922,196
seata/seata,2018-12-28T08:37:22Z,2023-02-23T10:38:33Z,Java,1679,3066,2450,35
eugeneyan/applied-ml,2020-07-04T18:57:47Z,2023-02-23T21:44:48Z,None,201,17,14,0
DIYgod/RSSHub,2018-04-02T14:43:21Z,2023-02-23T18:06:39Z,JavaScript,6148,4221,3961,0
vuejs/devtools,2014-09-29T03:52:07Z,2023-02-23T14:56:05Z,TypeScript,259,1516,1098,84
react-native-elements/react-native-elements,2016-09-08T14:21:41Z,2023-02-23T17:18:00Z,TypeScript,1181,2027,1979,84
angular/components,2016-01-04T18:50:02Z,2023-02-23T19:29:49Z,TypeScript,10601,13892,12108,353
emscripten-core/emscripten,2011-02-12T05:23:30Z,2023-02-23T21:56:13Z,C,8860,8034,6794,0
ShareX/ShareX,2013-10-08T23:32:10Z,2023-02-23T21:51:50Z,C#,715,5706,5232,76
TheAlgorithms/C-Plus-Plus,2016-07-16T10:19:45Z,2023-02-23T21:41:16Z,C++,549,254,227,0
signalapp/Signal-Android,2011-12-15T20:01:12Z,2023-02-23T17:40:32Z,Java,238,10049,9814,0
mongodb/mongo,2009-01-15T16:15:18Z,2023-02-23T21:57:27Z,C++,123,0,0,0
sampotts/plyr,2015-02-14T11:33:07Z,2023-02-23T15:31:29Z,JavaScript,379,1955,1179,83
alibaba/flutter-go,2019-01-08T09:03:40Z,2023-02-23T15:53:46Z,Dart,158,0,0,4
beurtschipper/Depix,2020-12-06T12:39:08Z,2023-02-23T20:37:40Z,Python,14,0,0,0
nsqio/nsq,2012-05-12T14:37:08Z,2023-02-23T10:43:49Z,Go,658,621,570,30
Netflix/Hystrix,2012-11-19T20:14:46Z,2023-02-23T10:46:50Z,Java,672,1023,681,79
ReactiveX/RxSwift,2015-04-07T21:25:17Z,2023-02-23T11:34:58Z,Swift,752,1201,1189,71
feathericons/feather,2014-05-28T19:49:55Z,2023-02-23T19:48:59Z,JavaScript,98,607,231,51
gitlabhq/gitlabhq,2011-10-02T16:25:27Z,2023-02-23T14:20:36Z,Ruby,2227,0,0,0
dani-garcia/vaultwarden,2018-02-17T22:40:20Z,2023-02-23T21:02:02Z,Rust,603,1518,1512,46
alpinejs/alpine,2019-11-28T13:51:55Z,2023-02-23T19:57:35Z,HTML,505,585,585,112
wesbos/JavaScript30,2016-12-07T19:15:31Z,2023-02-23T21:17:41Z,HTML,149,0,0,0
doczjs/docz,2018-03-17T04:24:10Z,2023-02-23T19:47:28Z,TypeScript,365,1242,1136,127
littlecodersh/ItChat,2016-01-19T07:49:48Z,2023-02-23T16:05:28Z,Python,29,856,611,13
Pierian-Data/Complete-Python-3-Bootcamp,2018-02-12T19:30:10Z,2023-02-23T20:06:37Z,Jupyter Notebook,12,299,203,0
open-mmlab/mmdetection,2018-08-22T07:06:06Z,2023-02-23T16:31:28Z,Python,2107,6705,6188,47
mdbootstrap/mdb-ui-kit,2014-08-18T11:54:00Z,2023-02-23T18:34:28Z,SCSS,193,1165,1160,26
haizlin/fe-interview,2019-04-17T03:05:58Z,2023-02-23T18:46:17Z,JavaScript,8,5304,23,2
jaywcjlove/linux-command,2016-11-12T15:44:26Z,2023-02-23T18:13:50Z,Markdown,259,141,88,23
CodeHubApp/CodeHub,2013-07-23T22:19:57Z,2023-02-22T22:28:13Z,C#,13,641,407,4
heartcombo/devise,2009-09-16T12:15:12Z,2023-02-23T16:58:52Z,Ruby,752,4139,4000,17
nushell/nushell,2019-05-10T16:59:42Z,2023-02-23T21:11:53Z,Rust,4124,3380,2711,68
OWASP/CheatSheetSeries,2018-12-21T14:26:43Z,2023-02-23T19:08:36Z,Python,665,324,299,0
rollup/rollup,2015-05-14T22:26:28Z,2023-02-23T18:52:24Z,JavaScript,1604,2979,2563,377
matteocrippa/awesome-swift,2014-07-10T14:04:09Z,2023-02-23T17:07:27Z,Ruby,1412,129,128,0
kilimchoi/engineering-blogs,2015-06-13T18:25:17Z,2023-02-23T20:08:20Z,Ruby,680,84,74,0
Ebazhanov/linkedin-skill-assessments-quizzes,2019-07-13T19:52:56Z,2023-02-23T21:50:56Z,Python,4382,676,629,1
StreisandEffect/streisand,2014-03-23T21:56:19Z,2023-02-23T03:45:27Z,Shell,527,1140,929,0
quasarframework/quasar,2015-10-05T15:45:36Z,2023-02-23T15:30:55Z,JavaScript,3372,7135,6770,745
statelyai/xstate,2015-09-14T15:04:15Z,2023-02-23T21:57:07Z,TypeScript,1265,1153,1028,197
pure-css/pure,2013-04-22T16:16:39Z,2023-02-23T19:20:09Z,JavaScript,323,570,568,27
yichengchen/clashX,2018-06-13T02:51:24Z,2023-02-23T18:56:55Z,Swift,34,0,0,30
ascoders/weekly,2017-03-20T06:10:04Z,2023-02-23T17:57:13Z,JavaScript,127,327,326,171
TeamNewPipe/NewPipe,2015-09-03T23:39:26Z,2023-02-23T21:38:51Z,Java,1387,7749,6584,124
charlax/professional-programming,2015-11-07T05:07:52Z,2023-02-23T20:42:36Z,Python,29,16,16,0
zeromicro/go-zero,2020-08-07T15:37:57Z,2023-02-23T21:34:34Z,Go,1338,1149,960,76
vercel/pkg,2016-08-08T19:41:59Z,2023-02-23T16:47:25Z,JavaScript,163,1337,1299,40
qianguyihao/Web,2017-01-03T11:44:33Z,2023-02-23T16:45:13Z,None,0,179,136,0
docsifyjs/docsify,2016-11-20T07:55:43Z,2023-02-23T21:10:41Z,JavaScript,532,1147,953,13
syl20bnr/spacemacs,2012-12-17T21:34:03Z,2023-02-23T22:00:01Z,Emacs Lisp,1626,8321,7977,158
streamlit/streamlit,2019-08-24T00:14:52Z,2023-02-23T20:12:12Z,Python,2543,3056,2471,54
michalsnik/aos,2015-07-09T17:49:00Z,2023-02-23T21:54:12Z,JavaScript,38,652,352,0
ramda/ramda,2013-06-21T20:32:35Z,2023-02-23T19:44:38Z,JavaScript,1277,1587,1461,26
kahun/awesome-sysadmin,2014-02-09T22:39:20Z,2023-02-23T21:25:10Z,None,183,98,26,0
numpy/numpy,2010-09-13T23:02:39Z,2023-02-23T17:19:51Z,Python,9635,11256,9287,97
dnSpy/dnSpy,2015-07-01T16:05:10Z,2023-02-23T21:48:32Z,C#,53,0,0,1
mbadolato/iTerm2-Color-Schemes,2011-04-01T04:01:46Z,2023-02-23T15:05:33Z,Shell,271,97,81,0
matterport/Mask_RCNN,2017-10-19T20:28:34Z,2023-02-23T12:39:12Z,Python,65,2645,831,3
openfaas/faas,2016-12-22T12:51:39Z,2023-02-23T13:47:25Z,Go,670,813,786,163
getredash/redash,2013-10-28T13:19:39Z,2023-02-23T16:04:18Z,Python,2669,2260,1752,98
Wox-launcher/Wox,2013-12-19T15:49:32Z,2023-02-23T15:42:42Z,C#,288,3380,2412,38
datasciencemasters/go,2013-08-14T08:33:55Z,2023-02-23T20:54:33Z,None,44,51,23,0
reduxjs/react-redux,2015-07-11T17:32:01Z,2023-02-23T09:17:45Z,TypeScript,492,1207,1192,114
coder2gwy/coder2gwy,2020-12-30T14:40:50Z,2023-02-23T19:02:50Z,None,2,142,26,0
inconshreveable/ngrok,2013-03-20T09:37:43Z,2023-02-23T17:25:21Z,Go,34,817,609,0
servo/servo,2012-02-08T19:07:25Z,2023-02-23T20:27:37Z,None,14357,11745,8309,0
android/architecture-components-samples,2017-05-09T21:09:14Z,2023-02-23T15:54:17Z,Kotlin,215,682,536,0
dimsemenov/PhotoSwipe,2011-04-07T05:46:29Z,2023-02-23T20:35:25Z,JavaScript,73,1760,1169,15
rome/tools,2020-02-20T05:57:33Z,2023-02-23T21:59:39Z,Rust,2542,1261,1128,75
dotnet-architecture/eShopOnContainers,2016-10-05T22:35:23Z,2023-02-23T20:54:46Z,C#,512,1208,1188,11
zhiwehu/Python-programming-exercises,2012-06-14T07:56:46Z,2023-02-23T20:34:47Z,None,0,72,11,0
vapor/vapor,2016-01-18T22:37:52Z,2023-02-23T17:04:25Z,Swift,1096,1546,1453,471
emberjs/ember.js,2011-05-25T23:39:40Z,2023-02-23T06:25:26Z,JavaScript,7927,6641,6272,479
StevenBlack/hosts,2012-04-12T20:22:50Z,2023-02-23T21:01:56Z,Python,419,1587,1549,510
MostlyAdequate/mostly-adequate-guide,2015-05-06T01:44:15Z,2023-02-23T15:40:31Z,JavaScript,270,273,203,1
redux-saga/redux-saga,2015-11-29T16:58:12Z,2023-02-23T10:45:50Z,JavaScript,666,1468,1452,68
balderdashy/sails,2012-03-18T19:46:15Z,2023-02-23T10:45:28Z,JavaScript,538,6336,5849,40
k3s-io/k3s,2018-05-31T01:37:46Z,2023-02-23T18:31:15Z,Go,2292,3928,3719,504
guzzle/guzzle,2011-02-28T02:44:05Z,2023-02-23T21:54:14Z,PHP,888,1789,1773,53
remix-run/remix,2020-10-26T19:57:28Z,2023-02-23T22:05:12Z,TypeScript,1708,1370,1164,105
ovity/octotree,2014-05-09T18:15:20Z,2023-02-23T16:27:54Z,JavaScript,249,752,711,0
nicolargo/glances,2011-12-04T08:49:15Z,2023-02-23T22:03:20Z,Python,476,1609,1373,31
neoclide/coc.nvim,2018-05-01T22:39:02Z,2023-02-23T21:37:40Z,TypeScript,678,3069,3049,82
taichi-dev/taichi,2016-11-24T10:00:05Z,2023-02-23T21:11:07Z,C++,4551,2300,1636,111
facebookarchive/draft-js,2016-02-19T20:18:26Z,2023-02-23T08:27:38Z,JavaScript,216,1775,978,26
ApolloAuto/apollo,2017-07-04T19:03:31Z,2023-02-23T15:51:21Z,C++,9698,3849,3412,11
github/hub,2009-12-05T22:15:25Z,2023-02-23T10:43:49Z,Go,400,2008,1770,60
fouber/blog,2014-04-25T09:44:42Z,2023-02-23T13:23:20Z,None,1,15,5,0
eslint/eslint,2013-06-29T23:59:48Z,2023-02-23T19:35:32Z,JavaScript,5414,9509,9393,286
NativeScript/NativeScript,2015-03-01T09:47:08Z,2023-02-23T14:28:29Z,TypeScript,3021,6539,5620,133
t4t5/sweetalert,2014-09-30T11:12:48Z,2023-02-23T18:36:21Z,TypeScript,84,707,548,13
sirupsen/logrus,2013-10-16T19:08:55Z,2023-02-23T21:51:59Z,Go,398,654,649,14
keon/algorithms,2016-11-17T22:32:08Z,2023-02-23T18:57:02Z,Python,423,156,97,1
react-navigation/react-navigation,2017-01-26T19:51:40Z,2023-02-23T13:55:25Z,TypeScript,1039,8966,8375,1000
markerikson/react-redux-links,2016-01-22T02:10:28Z,2023-02-23T15:04:50Z,None,62,38,22,0
spf13/viper,2014-04-02T14:33:33Z,2023-02-23T21:27:19Z,Go,277,777,418,22
pnpm/pnpm,2016-01-28T07:40:43Z,2023-02-23T21:39:41Z,TypeScript,1577,3077,2067,818
komeiji-satori/Dress,2018-02-11T03:49:29Z,2023-02-23T07:45:09Z,None,582,368,312,0
microsoft/cascadia-code,2019-07-10T22:50:20Z,2023-02-23T22:04:34Z,Python,71,564,456,17
bevyengine/bevy,2020-01-18T21:13:55Z,2023-02-23T21:44:01Z,Rust,557,2780,1822,12
google/jax,2018-10-25T21:25:02Z,2023-02-23T15:41:53Z,Python,6776,3911,2873,61
Tencent/wepy,2016-11-14T08:06:56Z,2023-02-23T09:57:41Z,JavaScript,465,2143,1790,8
AykutSarac/jsoncrack.com,2022-01-30T15:25:18Z,2023-02-23T16:06:41Z,TypeScript,57,168,129,16
harvesthq/chosen,2011-04-18T15:07:41Z,2023-02-23T14:57:31Z,HTML,310,2370,2121,34
viatsko/awesome-vscode,2016-02-07T23:02:45Z,2023-02-23T16:20:36Z,JavaScript,242,44,25,0
bilibili/flv.js,2016-05-12T08:34:31Z,2023-02-23T10:51:42Z,JavaScript,20,700,298,15
facebook/flow,2014-10-28T17:17:45Z,2023-02-23T20:30:16Z,OCaml,160,6614,4825,283
eriklindernoren/ML-From-Scratch,2017-02-05T12:11:23Z,2023-02-23T17:53:44Z,Python,9,67,36,0
rwaldron/idiomatic.js,2011-05-25T17:48:59Z,2023-02-23T20:20:57Z,None,114,80,48,0
Polymer/polymer,2012-08-23T20:56:30Z,2023-02-22T19:28:20Z,HTML,1071,3909,3865,115
qier222/YesPlayMusic,2020-10-09T10:04:21Z,2023-02-23T18:35:35Z,Vue,245,1480,1089,25
yeasy/docker_practice,2014-09-05T04:06:39Z,2023-02-23T11:21:55Z,Go,251,203,200,15
mochajs/mocha,2011-03-07T18:44:25Z,2023-02-23T10:53:14Z,JavaScript,1170,2867,2616,76
trpc/trpc,2020-07-18T01:17:11Z,2023-02-23T22:04:20Z,TypeScript,2248,642,578,135
usablica/intro.js,2013-03-10T15:12:45Z,2023-02-23T11:56:45Z,JavaScript,388,765,715,32
schollz/croc,2017-10-17T15:20:18Z,2023-02-23T22:00:14Z,Go,146,357,264,138
discordjs/discord.js,2015-08-10T13:36:26Z,2023-02-23T22:05:09Z,JavaScript,3810,3574,3491,144
google/gson,2015-03-19T18:21:20Z,2023-02-23T20:35:25Z,Java,435,1511,1222,6
ipfs/ipfs,2014-02-11T07:28:24Z,2023-02-23T18:06:56Z,None,126,216,210,0
localForage/localForage,2013-10-31T00:10:06Z,2023-02-23T18:35:59Z,JavaScript,268,694,495,26
pbatard/rufus,2011-11-19T19:12:05Z,2023-02-23T21:34:12Z,C,0,1973,1960,73
Igglybuff/awesome-piracy,2018-10-09T22:09:56Z,2023-02-23T19:03:08Z,HTML,182,297,138,0
SwiftyJSON/SwiftyJSON,2014-06-18T14:41:15Z,2023-02-23T15:56:40Z,Swift,218,690,583,21
kriasoft/react-starter-kit,2014-04-16T13:08:18Z,2023-02-23T15:05:45Z,TypeScript,529,1184,1182,5
google/iosched,2014-04-01T22:40:40Z,2023-02-23T19:28:02Z,Kotlin,66,242,187,2
wangzheng0822/algo,2018-09-24T05:33:46Z,2023-02-23T10:35:27Z,Python,321,122,22,0
deezer/spleeter,2019-09-26T15:40:46Z,2023-02-23T18:20:57Z,Python,48,716,549,2
conwnet/github1s,2019-06-16T09:55:25Z,2023-02-23T18:50:20Z,TypeScript,257,198,142,34
felixrieseberg/windows95,2018-08-23T05:04:38Z,2023-02-23T17:29:27Z,TypeScript,19,230,105,14
codex-team/editor.js,2015-11-28T20:56:35Z,2023-02-23T20:47:16Z,TypeScript,714,1205,788,43
Lightning-AI/lightning,2019-03-31T00:45:57Z,2023-02-23T19:28:20Z,Python,7119,5858,5271,127
geekan/HowToLiveLonger,2022-04-16T04:15:18Z,2023-02-23T18:40:00Z,None,9,112,35,0
Awesome-Windows/Awesome,2016-05-30T17:27:35Z,2023-02-23T21:56:40Z,None,206,118,75,0
nextcloud/server,2016-06-02T07:44:14Z,2023-02-23T21:33:37Z,PHP,17539,15429,13081,100
DrKLO/Telegram,2013-10-25T14:08:10Z,2023-02-23T12:41:12Z,Java,20,0,0,79
homebridge/homebridge,2014-12-01T16:37:39Z,2023-02-23T17:55:47Z,TypeScript,299,2898,2876,33
mpv-player/mpv,2012-10-13T08:08:44Z,2023-02-23T18:45:58Z,C,1461,8200,7379,82
marmelab/react-admin,2016-07-13T07:58:54Z,2023-02-23T21:11:37Z,TypeScript,3851,4059,3969,276
withfig/autocomplete,2020-09-29T02:21:06Z,2023-02-23T22:04:43Z,TypeScript,1194,461,345,1000
MichaelCade/90DaysOfDevOps,2021-12-26T13:55:18Z,2023-02-23T21:45:40Z,Shell,216,62,59,2
docker/awesome-compose,2020-02-13T08:51:42Z,2023-02-23T21:24:18Z,HTML,148,74,30,0
react-bootstrap/react-bootstrap,2013-12-27T19:06:07Z,2023-02-23T15:33:37Z,TypeScript,2561,3390,3248,49
pmndrs/react-three-fiber,2019-02-25T14:31:51Z,2023-02-23T21:15:54Z,TypeScript,472,809,776,51
OpenZeppelin/openzeppelin-contracts,2016-08-01T20:54:54Z,2023-02-23T21:44:41Z,JavaScript,1643,1587,1450,71
RedisInsight/RedisDesktopManager,2013-08-05T07:51:08Z,2023-02-23T14:44:01Z,C++,423,4536,4493,87
envoyproxy/envoy,2016-08-08T15:07:24Z,2023-02-23T12:52:42Z,C++,13938,8775,7472,102
tmrts/go-patterns,2015-12-14T22:05:06Z,2023-02-23T21:02:40Z,Go,10,28,13,0
bevacqua/dragula,2015-04-13T21:35:38Z,2023-02-23T13:43:56Z,JavaScript,57,513,407,0
github/copilot-docs,2021-10-23T16:07:04Z,2023-02-23T20:40:14Z,None,9,0,0,0
lutzroeder/netron,2010-12-26T12:53:43Z,2023-02-23T19:58:38Z,JavaScript,1,907,884,3
wsargent/docker-cheat-sheet,2014-08-05T20:04:20Z,2023-02-23T06:48:46Z,None,134,27,22,0
1c7/chinese-independent-developer,2017-09-21T11:08:23Z,2023-02-23T18:51:13Z,None,147,71,69,0
chenglou/react-motion,2015-06-11T07:38:23Z,2023-02-23T14:47:53Z,JavaScript,144,397,249,4
goldfire/howler.js,2013-01-28T16:47:12Z,2023-02-23T16:39:44Z,JavaScript,127,1336,1042,24
sebastianruder/NLP-progress,2018-06-22T17:43:55Z,2023-02-23T12:49:16Z,Python,467,98,65,3
jlmakes/scrollreveal,2014-01-16T17:37:20Z,2023-02-23T12:05:41Z,JavaScript,32,475,451,0
zloirock/core-js,2013-07-17T16:32:27Z,2023-02-23T21:37:50Z,JavaScript,222,865,839,219
elixir-lang/elixir,2011-01-09T08:43:57Z,2023-02-23T10:45:36Z,Elixir,6245,4902,4886,127
pocketbase/pocketbase,2022-07-05T06:06:21Z,2023-02-23T21:20:38Z,Go,35,546,509,57
apache/skywalking,2015-11-07T03:30:36Z,2023-02-23T14:18:03Z,Java,4000,4661,4600,54
HeroTransitions/Hero,2016-11-24T18:49:37Z,2023-02-23T19:46:06Z,Swift,117,597,565,38
vuejs/vuepress,2018-04-05T16:58:38Z,2023-02-23T20:18:10Z,JavaScript,771,1896,1413,21
tachiyomiorg/tachiyomi,2015-10-07T09:51:12Z,2023-02-23T21:59:17Z,Kotlin,1673,6903,6466,74
jaredhanson/passport,2011-10-08T22:38:32Z,2023-02-23T20:01:49Z,JavaScript,51,740,415,0
doocs/leetcode,2018-09-16T14:03:03Z,2023-02-23T18:16:15Z,Java,769,28,28,19
nothings/stb,2014-05-25T16:51:23Z,2023-02-23T19:07:01Z,C,278,725,638,0
telegramdesktop/tdesktop,2014-05-02T12:36:31Z,2023-02-23T18:29:04Z,C++,1184,12244,11485,611
libgdx/libgdx,2012-08-10T19:34:38Z,2023-02-23T18:48:09Z,Java,2487,3586,3381,9
mozilla/DeepSpeech,2016-06-02T15:04:53Z,2023-02-23T21:54:42Z,C++,1338,2083,1974,105
bitcoinbook/bitcoinbook,2013-08-11T23:18:28Z,2023-02-23T18:54:40Z,AsciiDoc,436,365,297,3
DesignPatternsPHP/DesignPatternsPHP,2011-08-22T05:24:31Z,2023-02-23T19:37:58Z,PHP,278,112,111,0
pugjs/pug,2010-06-23T01:05:42Z,2023-02-23T19:54:27Z,JavaScript,501,2543,2265,22
zyedidia/micro,2016-03-11T02:06:28Z,2023-02-23T21:36:31Z,Go,570,1915,1244,33
python-telegram-bot/python-telegram-bot,2015-07-07T15:30:39Z,2023-02-23T19:28:17Z,Python,1103,1829,1814,102
highlightjs/highlight.js,2011-01-01T23:47:21Z,2023-02-23T21:30:53Z,JavaScript,1317,1922,1843,35
datawhalechina/pumpkin-book,2018-12-22T05:05:24Z,2023-02-23T19:55:07Z,None,46,67,51,6
hwdsl2/setup-ipsec-vpn,2016-01-07T16:44:12Z,2023-02-23T17:49:36Z,Shell,35,1207,1206,0
notable/notable,2018-12-22T13:57:19Z,2023-02-23T21:34:18Z,TypeScript,25,1564,899,20
onevcat/Kingfisher,2015-04-06T14:26:21Z,2023-02-23T20:20:47Z,Swift,571,1255,1179,173
tornadoweb/tornado,2009-09-09T04:55:16Z,2023-02-23T19:50:17Z,Python,878,1759,1564,0
openssl/openssl,2013-01-15T22:34:48Z,2023-02-23T20:59:13Z,C,114,8091,6357,5
alist-org/alist,2020-12-23T17:40:29Z,2023-02-23T21:35:15Z,Go,253,1656,1572,78
celery/celery,2009-04-24T11:31:24Z,2023-02-23T21:43:38Z,Python,1941,4812,4275,38
fish-shell/fish-shell,2012-05-10T03:00:55Z,2023-02-23T21:43:01Z,C++,1556,6632,6182,38
paularmstrong/normalizr,2014-08-20T08:41:38Z,2023-02-23T19:10:23Z,JavaScript,98,0,0,26
facebookresearch/fairseq,2017-08-29T16:26:12Z,2023-02-23T19:18:44Z,Python,189,3743,2946,16
trekhleb/homemade-machine-learning,2018-11-01T04:34:19Z,2023-02-23T20:23:19Z,Jupyter Notebook,2,25,14,0
googlehosts/hosts,2017-08-05T16:10:32Z,2023-02-23T16:01:51Z,None,50,416,351,0
libuv/libuv,2013-11-30T00:29:56Z,2023-02-23T19:12:14Z,C,768,1532,1426,5
sdras/awesome-actions,2018-10-17T17:53:45Z,2023-02-23T09:21:59Z,None,439,39,25,0
youzan/vant,2017-04-19T07:55:31Z,2023-02-23T17:56:24Z,TypeScript,4462,6602,6570,220
validatorjs/validator.js,2010-10-06T06:58:48Z,2023-02-23T20:13:32Z,JavaScript,697,974,848,10
electron-react-boilerplate/electron-react-boilerplate,2015-05-18T09:54:57Z,2023-02-23T18:57:26Z,TypeScript,793,1790,1755,58
v2fly/v2ray-core,2019-04-15T10:05:54Z,2023-02-23T20:31:35Z,Go,658,713,656,65
taosdata/TDengine,2019-07-11T08:33:48Z,2023-02-23T12:23:36Z,C,15026,3661,2845,88
MonitorControl/MonitorControl,2017-09-16T21:13:40Z,2023-02-23T20:26:27Z,Swift,180,751,691,23
backstage/backstage,2020-01-24T22:39:49Z,2023-02-23T18:33:16Z,TypeScript,10368,3830,3470,221
postcss/autoprefixer,2013-03-14T05:04:51Z,2023-02-23T20:19:42Z,JavaScript,272,1132,1098,192
goldbergyoni/javascript-testing-best-practices,2019-07-04T11:08:12Z,2023-02-23T19:20:36Z,JavaScript,146,58,14,0
javascript-tutorial/en.javascript.info,2017-06-03T14:27:57Z,2023-02-23T22:04:21Z,HTML,1897,781,677,0
vnpy/vnpy,2015-03-02T03:36:58Z,2023-02-23T16:12:09Z,Python,997,1954,1945,55
PostgREST/postgrest,2014-06-13T00:23:00Z,2023-02-23T19:29:25Z,Haskell,871,1396,1223,52
ziglang/zig,2015-08-06T00:51:28Z,2023-02-23T21:46:30Z,Zig,5358,7976,5924,14
go-micro/go-micro,2015-01-13T23:30:18Z,2023-02-23T11:40:28Z,Go,1343,945,882,318
norvig/pytudes,2017-03-01T05:43:35Z,2023-02-23T17:00:44Z,Jupyter Notebook,53,34,18,0
eligrey/FileSaver.js,2011-07-15T03:27:54Z,2023-02-23T21:24:50Z,JavaScript,67,620,465,14
go-delve/delve,2014-05-20T19:24:43Z,2023-02-23T14:26:28Z,Go,1416,1501,1396,23
BradLarson/GPUImage,2012-02-13T15:20:02Z,2023-02-23T10:57:12Z,Objective-C,241,2215,1310,3
benweet/stackedit,2013-03-24T13:46:06Z,2023-02-23T10:57:41Z,JavaScript,35,1656,1003,13
academic/awesome-datascience,2014-07-05T07:07:43Z,2023-02-23T19:53:13Z,None,309,47,47,3
gfwlist/gfwlist,2015-03-13T13:24:56Z,2023-02-23T13:49:09Z,None,0,2327,1915,0
julycoding/The-Art-Of-Programming-By-July-2nd,2013-12-14T10:00:06Z,2023-02-23T11:20:55Z,C,254,130,83,0
locustio/locust,2011-02-17T11:08:03Z,2023-02-23T20:51:53Z,Python,625,1414,1406,90
SwiftGGTeam/the-swift-programming-language-in-chinese,2014-06-03T04:44:09Z,2023-02-23T15:10:26Z,CSS,700,407,397,1
ColorlibHQ/gentelella,2015-05-15T06:57:27Z,2023-02-23T20:35:15Z,HTML,164,643,609,7
jellyfin/jellyfin,2018-12-09T06:36:45Z,2023-02-23T21:19:38Z,C#,3208,4709,3801,62
apache/flink,2014-06-07T07:00:10Z,2023-02-23T19:30:44Z,Java,7270,0,0,0
microsoft/api-guidelines,2016-07-12T20:01:24Z,2023-02-23T12:44:24Z,None,156,183,92,0
mxgmn/WaveFunctionCollapse,2016-09-30T11:53:17Z,2023-02-23T19:39:21Z,C#,18,47,46,1
lensapp/lens,2018-11-12T06:28:56Z,2023-02-23T18:31:16Z,TypeScript,3565,3093,2245,241
rancher/rancher,2014-11-07T20:49:31Z,2023-02-23T21:52:58Z,Go,7933,30701,28445,935
redisson/redisson,2014-01-11T14:06:25Z,2023-02-23T14:16:33Z,Java,321,4318,3986,119
robertdavidgraham/masscan,2013-07-28T05:35:33Z,2023-02-23T21:08:40Z,C,82,502,164,11
git-tips/tips,2015-07-15T07:24:48Z,2023-02-23T19:28:50Z,JavaScript,138,34,17,0
FallibleInc/security-guide-for-developers,2016-06-08T15:56:25Z,2023-02-23T18:21:54Z,None,26,12,4,0
logseq/logseq,2020-05-23T00:06:06Z,2023-02-23T19:48:42Z,Clojure,2182,5822,4400,116
leereilly/games,2012-01-05T19:48:55Z,2023-02-23T16:49:44Z,None,192,253,84,0
google/mediapipe,2019-06-13T19:16:41Z,2023-02-23T18:24:15Z,C++,30,3857,3442,41
necolas/react-native-web,2015-06-09T19:25:38Z,2023-02-23T21:02:06Z,JavaScript,62,1675,1577,20
alibaba/Sentinel,2018-04-04T06:37:33Z,2023-02-23T16:06:34Z,Java,459,2006,1501,22
dracula/dracula-theme,2013-10-27T12:39:02Z,2023-02-23T21:36:58Z,None,84,596,560,24
judasn/IntelliJ-IDEA-Tutorial,2015-08-17T15:25:52Z,2023-02-23T14:28:12Z,None,40,77,76,0
dapr/dapr,2019-06-19T00:49:06Z,2023-02-23T15:10:52Z,Go,2552,2703,2363,153
shieldfy/API-Security-Checklist,2017-07-08T20:01:38Z,2023-02-23T21:24:27Z,None,112,39,28,0
ruanyf/es6tutorial,2014-04-20T13:06:28Z,2023-02-23T07:43:26Z,JavaScript,366,548,548,0
MustangYM/WeChatExtension-ForMac,2019-04-25T03:02:16Z,2023-02-23T16:40:42Z,Objective-C,45,1661,849,48
Meituan-Dianping/mpvue,2018-03-07T03:09:25Z,2023-02-23T10:40:25Z,JavaScript,64,1687,1264,19
google/ExoPlayer,2014-06-13T21:19:18Z,2023-02-23T16:34:47Z,Java,543,9789,9075,22
js-cookie/js-cookie,2015-03-19T15:57:47Z,2023-02-23T16:46:14Z,JavaScript,70,524,523,34
refined-github/refined-github,2016-02-15T16:45:02Z,2023-02-23T18:33:58Z,TypeScript,2530,3331,3202,102
aseprite/aseprite,2014-08-19T23:44:50Z,2023-02-23T20:53:12Z,C++,168,3193,1889,85
JohnCoates/Aerial,2015-10-26T21:21:31Z,2023-02-23T14:34:13Z,Swift,217,986,928,190
rxhanson/Rectangle,2019-06-21T21:34:53Z,2023-02-23T21:48:04Z,Swift,181,476,413,70
directus/directus,2012-12-12T01:35:36Z,2023-02-23T20:14:26Z,TypeScript,5138,5983,5795,249
jhipster/generator-jhipster,2013-10-21T20:07:22Z,2023-02-23T08:07:13Z,TypeScript,12501,7236,6980,25
jenkinsci/jenkins,2010-11-22T21:21:23Z,2023-02-23T22:04:07Z,Java,5788,0,0,241
bazelbuild/bazel,2014-06-12T16:00:38Z,2023-02-23T20:03:32Z,Java,405,10840,8757,192
ChristosChristofidis/awesome-deep-learning,2015-01-02T19:28:35Z,2023-02-23T20:31:39Z,None,165,18,14,0
gchq/CyberChef,2016-11-28T10:34:07Z,2023-02-23T22:04:04Z,JavaScript,375,750,507,420
WeNeedHome/SummaryOfLoanSuspension,2022-07-12T16:33:25Z,2023-02-23T16:12:07Z,HTML,279,0,0,0
camsong/You-Dont-Need-jQuery,2015-11-21T16:02:26Z,2023-02-23T10:54:50Z,JavaScript,165,68,66,1
flameshot-org/flameshot,2017-05-10T19:44:51Z,2023-02-23T21:05:11Z,C++,785,2037,1658,25
kdeldycke/awesome-falsehood,2016-09-08T09:13:47Z,2023-02-23T21:20:33Z,None,87,25,23,0
apache/mxnet,2015-04-30T16:21:15Z,2023-02-23T20:53:32Z,C++,8836,9548,7758,34
petkaantonov/bluebird,2013-09-07T19:39:57Z,2023-02-23T12:48:03Z,JavaScript,292,1142,1072,123
forem/forem,2016-11-13T23:02:13Z,2023-02-23T15:37:28Z,Ruby,11860,5099,4565,0
futurice/android-best-practices,2014-07-29T09:09:44Z,2023-02-22T08:30:30Z,None,80,84,61,0
avajs/ava,2014-11-18T17:20:26Z,2023-02-23T10:47:14Z,JavaScript,1011,1607,1520,93
zhaoolee/ChromeAppHeroes,2019-02-07T06:35:24Z,2023-02-23T15:07:33Z,JavaScript,7,45,31,0
iawia002/lux,2018-02-24T11:29:03Z,2023-02-23T18:03:15Z,Go,253,902,484,75
SamyPesse/How-to-Make-a-Computer-Operating-System,2013-11-29T17:36:32Z,2023-02-23T11:44:52Z,C,42,72,28,1
Seldaek/monolog,2011-02-17T02:07:15Z,2023-02-23T18:54:31Z,PHP,663,761,742,64
winstonjs/winston,2010-12-29T18:49:51Z,2023-02-23T20:15:09Z,JavaScript,497,1373,959,17
javascript-tutorial/en.javascript.info,2017-06-03T14:27:57Z,2023-02-23T22:04:21Z,HTML,1897,781,677,0
vnpy/vnpy,2015-03-02T03:36:58Z,2023-02-23T16:12:09Z,Python,997,1954,1945,55
ai/nanoid,2017-08-05T05:24:35Z,2023-02-23T20:36:18Z,JavaScript,165,201,197,1
PostgREST/postgrest,2014-06-13T00:23:00Z,2023-02-23T19:29:25Z,Haskell,871,1396,1223,52
ziglang/zig,2015-08-06T00:51:28Z,2023-02-23T21:46:30Z,Zig,5358,7976,5924,14
go-micro/go-micro,2015-01-13T23:30:18Z,2023-02-23T11:40:28Z,Go,1343,945,882,318
norvig/pytudes,2017-03-01T05:43:35Z,2023-02-23T17:00:44Z,Jupyter Notebook,53,34,18,0
eligrey/FileSaver.js,2011-07-15T03:27:54Z,2023-02-23T21:24:50Z,JavaScript,67,620,465,14
go-delve/delve,2014-05-20T19:24:43Z,2023-02-23T14:26:28Z,Go,1416,1501,1396,23
BradLarson/GPUImage,2012-02-13T15:20:02Z,2023-02-23T10:57:12Z,Objective-C,241,2215,1310,3
benweet/stackedit,2013-03-24T13:46:06Z,2023-02-23T10:57:41Z,JavaScript,35,1656,1003,13
parse-community/parse-server,2016-01-28T18:29:14Z,2023-02-23T20:05:43Z,JavaScript,3182,4294,4003,236
go-kratos/kratos,2019-01-10T10:42:31Z,2023-02-23T15:12:42Z,Go,1186,961,865,57
osquery/osquery,2014-07-29T20:27:33Z,2023-02-23T15:44:07Z,C++,4074,3102,2572,122
changkun/modern-cpp-tutorial,2016-08-19T14:39:15Z,2023-02-23T22:00:14Z,C++,103,112,107,3
ruby/ruby,2010-02-27T15:55:23Z,2023-02-23T18:43:58Z,Ruby,3829,0,0,4
ReactiveCocoa/ReactiveCocoa,2012-03-02T22:11:24Z,2023-02-23T17:58:06Z,Swift,1348,2004,2002,83
enzymejs/enzyme,2015-11-10T21:45:38Z,2023-02-23T12:40:20Z,JavaScript,646,1765,1508,0
drduh/macOS-Security-and-Privacy-Guide,2015-08-31T03:36:35Z,2023-02-23T19:08:05Z,Python,140,248,235,0
google/flatbuffers,2014-05-19T18:33:01Z,2023-02-23T17:38:30Z,C++,1701,2156,1988,31
vadimdemedes/ink,2017-06-12T06:12:28Z,2023-02-23T13:20:30Z,TypeScript,169,291,219,43
zadam/trilium,2017-05-23T00:30:20Z,2023-02-23T20:28:28Z,JavaScript,152,2750,2043,258
requarks/wiki,2016-08-16T19:35:26Z,2023-02-23T17:19:37Z,Vue,348,2462,2406,112
SergioBenitez/Rocket,2016-03-18T02:50:18Z,2023-02-23T21:24:43Z,Rust,14,1412,1306,53
jumpserver/jumpserver,2014-07-04T03:54:59Z,2023-02-23T15:52:27Z,Python,4407,4625,4521,155
derailed/k9s,2019-01-25T18:46:02Z,2023-02-23T19:13:57Z,Go,324,1380,1025,194
shimohq/chinese-programmer-wrong-pronunciation,2017-02-15T09:02:40Z,2023-02-23T16:11:05Z,JavaScript,125,229,114,0
Homebrew/homebrew-cask,2012-03-05T02:05:17Z,2023-02-23T15:16:07Z,Ruby,104346,6172,6154,81
urfave/cli,2013-07-13T19:32:06Z,2023-02-23T21:42:14Z,Go,711,715,677,111
chalk/chalk,2013-08-03T00:20:12Z,2023-02-23T16:05:42Z,JavaScript,100,350,347,26
verekia/js-stack-from-scratch,2016-10-02T13:31:23Z,2023-02-23T13:48:10Z,JavaScript,55,157,118,1
ReactiveX/RxAndroid,2014-08-19T03:46:38Z,2023-02-23T10:55:52Z,Java,177,347,346,20
facebookarchive/pop,2014-03-30T22:29:12Z,2023-02-22T10:17:58Z,Objective-C++,100,256,211,3
recharts/recharts,2015-08-07T06:50:27Z,2023-02-23T16:08:34Z,TypeScript,534,2614,2180,19
jquense/yup,2014-09-22T23:54:22Z,2023-02-23T19:40:45Z,TypeScript,287,1449,1356,11
pytorch/examples,2016-08-24T03:12:48Z,2023-02-23T17:40:46Z,Python,360,573,430,0
xi-editor/xi-editor,2016-04-26T23:03:23Z,2023-02-23T09:28:03Z,Rust,669,528,397,0
hapijs/joi,2012-09-16T16:38:06Z,2023-02-23T15:08:10Z,JavaScript,433,2265,2138,0
FredKSchott/snowpack,2019-02-26T15:45:38Z,2023-02-23T21:22:12Z,JavaScript,1203,881,544,83
tipsy/profile-summary-for-github,2017-12-10T13:29:15Z,2023-02-23T19:20:57Z,Vue,26,77,62,0
vercel/turbo,2021-10-05T17:37:11Z,2023-02-23T21:30:27Z,Rust,1934,909,591,166
PaddlePaddle/Paddle,2016-08-15T06:59:08Z,2023-02-23T16:13:08Z,C++,25426,16145,15170,58
Molunerfinn/PicGo,2017-12-12T08:39:44Z,2023-02-23T21:04:28Z,TypeScript,15,968,949,47
palantir/blueprint,2016-10-25T21:17:50Z,2023-02-23T18:37:32Z,TypeScript,2489,2856,2227,110
facebook/zstd,2015-01-24T00:22:38Z,2023-02-23T17:11:15Z,C,2052,1173,1079,65
SpaceVim/SpaceVim,2016-12-26T04:40:55Z,2023-02-23T18:09:12Z,Lua,2257,2340,2291,21
